state,date,cases,deaths,new_cases,new_deaths,death_rate,percent_case_increase,percent_death_increase,days_gt_10,days_gt_100
RO,2020-02-25,0,0,0,0,NaN,NaN,NaN,NA,NA
RO,2020-02-26,0,0,0,0,NaN,NaN,NaN,NA,NA
RO,2020-02-27,0,0,0,0,NaN,NaN,NaN,NA,NA
RO,2020-02-28,0,0,0,0,NaN,NaN,NaN,NA,NA
RO,2020-02-29,0,0,0,0,NaN,NaN,NaN,NA,NA
RO,2020-03-01,0,0,0,0,NaN,NaN,NaN,NA,NA
RO,2020-03-02,0,0,0,0,NaN,NaN,NaN,NA,NA
RO,2020-03-03,0,0,0,0,NaN,NaN,NaN,NA,NA
RO,2020-03-04,0,0,0,0,NaN,NaN,NaN,NA,NA
RO,2020-03-05,0,0,0,0,NaN,NaN,NaN,NA,NA
RO,2020-03-06,0,0,0,0,NaN,NaN,NaN,NA,NA
RO,2020-03-07,0,0,0,0,NaN,NaN,NaN,NA,NA
RO,2020-03-08,0,0,0,0,NaN,NaN,NaN,NA,NA
RO,2020-03-09,0,0,0,0,NaN,NaN,NaN,NA,NA
RO,2020-03-10,0,0,0,0,NaN,NaN,NaN,NA,NA
RO,2020-03-11,0,0,0,0,NaN,NaN,NaN,NA,NA
RO,2020-03-12,0,0,0,0,NaN,NaN,NaN,NA,NA
RO,2020-03-13,0,0,0,0,NaN,NaN,NaN,NA,NA
RO,2020-03-14,0,0,0,0,NaN,NaN,NaN,NA,NA
RO,2020-03-15,0,0,0,0,NaN,NaN,NaN,NA,NA
RO,2020-03-16,0,0,0,0,NaN,NaN,NaN,NA,NA
RO,2020-03-17,0,0,0,0,NaN,NaN,NaN,NA,NA
RO,2020-03-18,0,0,0,0,NaN,NaN,NaN,NA,NA
RO,2020-03-19,0,0,0,0,NaN,NaN,NaN,NA,NA
RO,2020-03-20,1,0,1,0,0,Inf,NaN,NA,NA
RO,2020-03-21,1,0,0,0,0,0,NaN,NA,NA
RO,2020-03-22,3,0,2,0,0,200,NaN,NA,NA
RO,2020-03-23,3,0,0,0,0,0,NaN,NA,NA
RO,2020-03-24,3,0,0,0,0,0,NaN,NA,NA
RO,2020-03-25,5,0,2,0,0,66.66666666666667,NaN,NA,NA
RO,2020-03-26,5,0,0,0,0,0,NaN,NA,NA
RO,2020-03-27,6,0,1,0,0,19.999999999999996,NaN,NA,NA
RO,2020-03-28,6,0,0,0,0,0,NaN,NA,NA
RO,2020-03-29,6,0,0,0,0,0,NaN,NA,NA
RO,2020-03-30,6,0,0,0,0,0,NaN,NA,NA
RO,2020-03-31,8,1,2,1,0.125,33.33333333333333,Inf,NA,NA
RO,2020-04-01,9,1,1,0,0.1111111111111111,12.5,0,NA,NA
RO,2020-04-02,10,1,1,0,0.1,11.111111111111116,0,0,NA
RO,2020-04-03,10,1,0,0,0.1,0,0,1,NA
RO,2020-04-04,11,1,1,0,0.09090909090909091,10.000000000000009,0,2,NA
RO,2020-04-05,12,1,1,0,0.08333333333333333,9.090909090909083,0,3,NA
RO,2020-04-06,14,1,2,0,0.07142857142857142,16.666666666666675,0,4,NA
RO,2020-04-07,18,1,4,0,0.05555555555555555,28.57142857142858,0,5,NA
RO,2020-04-08,18,1,0,0,0.05555555555555555,0,0,6,NA
RO,2020-04-09,28,2,10,1,0.07142857142857142,55.55555555555556,100,7,NA
RO,2020-04-10,32,2,4,0,0.0625,14.28571428571428,0,8,NA
RO,2020-04-11,33,2,1,0,0.06060606060606061,3.125,0,9,NA
RO,2020-04-12,35,2,2,0,0.05714285714285714,6.060606060606055,0,10,NA
RO,2020-04-13,42,2,7,0,0.047619047619047616,19.999999999999996,0,11,NA
RO,2020-04-14,64,2,22,0,0.03125,52.38095238095237,0,12,NA
RO,2020-04-15,69,2,5,0,0.028985507246376812,7.8125,0,13,NA
RO,2020-04-16,76,3,7,1,0.039473684210526314,10.144927536231885,50,14,NA
RO,2020-04-17,92,3,16,0,0.03260869565217391,21.052631578947366,0,15,NA
RO,2020-04-18,110,3,18,0,0.02727272727272727,19.565217391304344,0,16,0
RO,2020-04-19,128,4,18,1,0.03125,16.36363636363636,33.33333333333333,17,1
RO,2020-04-20,160,4,32,0,0.025,25,0,18,2
RO,2020-04-21,199,4,39,0,0.020100502512562814,24.374999999999993,0,19,3
RO,2020-04-22,223,5,24,1,0.02242152466367713,12.060301507537696,25,20,4
RO,2020-04-23,250,5,27,0,0.02,12.107623318385642,0,21,5
RO,2020-04-24,290,5,40,0,0.017241379310344827,15.999999999999993,0,22,6
RO,2020-04-25,328,7,38,2,0.021341463414634148,13.103448275862073,39.99999999999999,23,7
RO,2020-04-26,364,10,36,3,0.027472527472527472,10.97560975609757,42.85714285714286,24,8
AC,2020-02-25,0,0,0,0,NaN,NaN,NaN,NA,NA
AC,2020-02-26,0,0,0,0,NaN,NaN,NaN,NA,NA
AC,2020-02-27,0,0,0,0,NaN,NaN,NaN,NA,NA
AC,2020-02-28,0,0,0,0,NaN,NaN,NaN,NA,NA
AC,2020-02-29,0,0,0,0,NaN,NaN,NaN,NA,NA
AC,2020-03-01,0,0,0,0,NaN,NaN,NaN,NA,NA
AC,2020-03-02,0,0,0,0,NaN,NaN,NaN,NA,NA
AC,2020-03-03,0,0,0,0,NaN,NaN,NaN,NA,NA
AC,2020-03-04,0,0,0,0,NaN,NaN,NaN,NA,NA
AC,2020-03-05,0,0,0,0,NaN,NaN,NaN,NA,NA
AC,2020-03-06,0,0,0,0,NaN,NaN,NaN,NA,NA
AC,2020-03-07,0,0,0,0,NaN,NaN,NaN,NA,NA
AC,2020-03-08,0,0,0,0,NaN,NaN,NaN,NA,NA
AC,2020-03-09,0,0,0,0,NaN,NaN,NaN,NA,NA
AC,2020-03-10,0,0,0,0,NaN,NaN,NaN,NA,NA
AC,2020-03-11,0,0,0,0,NaN,NaN,NaN,NA,NA
AC,2020-03-12,0,0,0,0,NaN,NaN,NaN,NA,NA
AC,2020-03-13,0,0,0,0,NaN,NaN,NaN,NA,NA
AC,2020-03-14,0,0,0,0,NaN,NaN,NaN,NA,NA
AC,2020-03-15,0,0,0,0,NaN,NaN,NaN,NA,NA
AC,2020-03-16,0,0,0,0,NaN,NaN,NaN,NA,NA
AC,2020-03-17,0,0,0,0,NaN,NaN,NaN,NA,NA
AC,2020-03-18,0,0,0,0,NaN,NaN,NaN,NA,NA
AC,2020-03-19,3,0,3,0,0,Inf,NaN,NA,NA
AC,2020-03-20,7,0,4,0,0,133.33333333333334,NaN,NA,NA
AC,2020-03-21,9,0,2,0,0,28.57142857142858,NaN,NA,NA
AC,2020-03-22,11,0,2,0,0,22.222222222222232,NaN,0,NA
AC,2020-03-23,11,0,0,0,0,0,NaN,1,NA
AC,2020-03-24,17,0,6,0,0,54.54545454545454,NaN,2,NA
AC,2020-03-25,23,0,6,0,0,35.29411764705883,NaN,3,NA
AC,2020-03-26,24,0,1,0,0,4.347826086956519,NaN,4,NA
AC,2020-03-27,25,0,1,0,0,4.166666666666674,NaN,5,NA
AC,2020-03-28,25,0,0,0,0,0,NaN,6,NA
AC,2020-03-29,34,0,9,0,0,36.00000000000001,NaN,7,NA
AC,2020-03-30,42,0,8,0,0,23.529411764705888,NaN,8,NA
AC,2020-03-31,42,0,0,0,0,0,NaN,9,NA
AC,2020-04-01,43,0,1,0,0,2.3809523809523725,NaN,10,NA
AC,2020-04-02,43,0,0,0,0,0,NaN,11,NA
AC,2020-04-03,46,0,3,0,0,6.976744186046502,NaN,12,NA
AC,2020-04-04,46,0,0,0,0,0,NaN,13,NA
AC,2020-04-05,48,0,2,0,0,4.347826086956519,NaN,14,NA
AC,2020-04-06,50,0,2,0,0,4.166666666666674,NaN,15,NA
AC,2020-04-07,50,1,0,1,0.02,0,Inf,16,NA
AC,2020-04-08,54,2,4,1,0.037037037037037035,8.000000000000007,100,17,NA
AC,2020-04-09,62,2,8,0,0.03225806451612903,14.814814814814813,0,18,NA
AC,2020-04-10,70,2,8,0,0.02857142857142857,12.903225806451623,0,19,NA
AC,2020-04-11,72,2,2,0,0.027777777777777776,2.857142857142847,0,20,NA
AC,2020-04-12,77,2,5,0,0.025974025974025976,6.944444444444442,0,21,NA
AC,2020-04-13,90,3,13,1,0.03333333333333333,16.883116883116877,50,22,NA
AC,2020-04-14,99,3,9,0,0.030303030303030304,10.000000000000009,0,23,NA
AC,2020-04-15,101,3,2,0,0.0297029702970297,2.020202020202011,0,24,0
AC,2020-04-16,110,5,9,2,0.045454545454545456,8.910891089108919,66.66666666666667,25,1
AC,2020-04-17,135,5,25,0,0.037037037037037035,22.72727272727273,0,26,2
AC,2020-04-18,142,5,7,0,0.035211267605633804,5.185185185185182,0,27,3
AC,2020-04-19,163,6,21,1,0.03680981595092025,14.7887323943662,19.999999999999996,28,4
AC,2020-04-20,176,8,13,2,0.045454545454545456,7.975460122699385,33.33333333333333,29,5
AC,2020-04-21,195,8,19,0,0.041025641025641026,10.795454545454541,0,30,6
AC,2020-04-22,214,8,19,0,0.037383177570093455,9.743589743589753,0,31,7
AC,2020-04-23,227,10,13,2,0.04405286343612335,6.074766355140193,25,32,8
AC,2020-04-24,234,11,7,1,0.04700854700854701,3.083700440528636,10.000000000000009,33,9
AC,2020-04-25,258,11,24,0,0.04263565891472868,10.256410256410264,0,34,10
AC,2020-04-26,279,11,21,0,0.03942652329749104,8.139534883720923,0,35,11
AM,2020-02-25,0,0,0,0,NaN,NaN,NaN,NA,NA
AM,2020-02-26,0,0,0,0,NaN,NaN,NaN,NA,NA
AM,2020-02-27,0,0,0,0,NaN,NaN,NaN,NA,NA
AM,2020-02-28,0,0,0,0,NaN,NaN,NaN,NA,NA
AM,2020-02-29,0,0,0,0,NaN,NaN,NaN,NA,NA
AM,2020-03-01,0,0,0,0,NaN,NaN,NaN,NA,NA
AM,2020-03-02,0,0,0,0,NaN,NaN,NaN,NA,NA
AM,2020-03-03,0,0,0,0,NaN,NaN,NaN,NA,NA
AM,2020-03-04,0,0,0,0,NaN,NaN,NaN,NA,NA
AM,2020-03-05,0,0,0,0,NaN,NaN,NaN,NA,NA
AM,2020-03-06,0,0,0,0,NaN,NaN,NaN,NA,NA
AM,2020-03-07,0,0,0,0,NaN,NaN,NaN,NA,NA
AM,2020-03-08,0,0,0,0,NaN,NaN,NaN,NA,NA
AM,2020-03-09,0,0,0,0,NaN,NaN,NaN,NA,NA
AM,2020-03-10,0,0,0,0,NaN,NaN,NaN,NA,NA
AM,2020-03-11,0,0,0,0,NaN,NaN,NaN,NA,NA
AM,2020-03-12,0,0,0,0,NaN,NaN,NaN,NA,NA
AM,2020-03-13,0,0,0,0,NaN,NaN,NaN,NA,NA
AM,2020-03-14,0,0,0,0,NaN,NaN,NaN,NA,NA
AM,2020-03-15,1,0,1,0,0,Inf,NaN,NA,NA
AM,2020-03-16,1,0,0,0,0,0,NaN,NA,NA
AM,2020-03-17,1,0,0,0,0,0,NaN,NA,NA
AM,2020-03-18,1,0,0,0,0,0,NaN,NA,NA
AM,2020-03-19,3,0,2,0,0,200,NaN,NA,NA
AM,2020-03-20,3,0,0,0,0,0,NaN,NA,NA
AM,2020-03-21,11,0,8,0,0,266.66666666666663,NaN,0,NA
AM,2020-03-22,26,0,15,0,0,136.36363636363637,NaN,1,NA
AM,2020-03-23,32,0,6,0,0,23.076923076923084,NaN,2,NA
AM,2020-03-24,47,0,15,0,0,46.875,NaN,3,NA
AM,2020-03-25,54,1,7,1,0.018518518518518517,14.893617021276606,Inf,4,NA
AM,2020-03-26,67,1,13,0,0.014925373134328358,24.07407407407407,0,5,NA
AM,2020-03-27,81,1,14,0,0.012345679012345678,20.895522388059696,0,6,NA
AM,2020-03-28,111,1,30,0,0.009009009009009009,37.037037037037045,0,7,0
AM,2020-03-29,140,1,29,0,0.007142857142857143,26.126126126126124,0,8,1
AM,2020-03-30,151,1,11,0,0.006622516556291391,7.857142857142851,0,9,2
AM,2020-03-31,175,3,24,2,0.017142857142857144,15.89403973509933,200,10,3
AM,2020-04-01,200,3,25,0,0.015,14.28571428571428,0,11,4
AM,2020-04-02,229,3,29,0,0.013100436681222707,14.500000000000002,0,12,5
AM,2020-04-03,260,7,31,4,0.026923076923076925,13.53711790393013,133.33333333333334,13,6
AM,2020-04-04,311,12,51,5,0.03858520900321544,19.615384615384613,71.42857142857142,14,7
AM,2020-04-05,417,14,106,2,0.03357314148681055,34.083601286173625,16.666666666666675,15,8
AM,2020-04-06,532,19,115,5,0.03571428571428571,27.577937649880102,35.71428571428572,16,9
AM,2020-04-07,636,23,104,4,0.036163522012578615,19.548872180451138,21.052631578947366,17,10
AM,2020-04-08,804,30,168,7,0.03731343283582089,26.415094339622634,30.434782608695656,18,11
AM,2020-04-09,899,40,95,10,0.04449388209121246,11.815920398009961,33.33333333333333,19,12
AM,2020-04-10,981,50,82,10,0.0509683995922528,9.121245828698555,25,20,13
AM,2020-04-11,1050,53,69,3,0.05047619047619047,7.0336391437308965,6.000000000000005,21,14
AM,2020-04-12,1206,62,156,9,0.05140961857379768,14.857142857142858,16.981132075471695,22,15
AM,2020-04-13,1275,71,69,9,0.05568627450980392,5.721393034825861,14.516129032258075,23,16
AM,2020-04-14,1484,90,209,19,0.06064690026954178,16.39215686274509,26.7605633802817,24,17
AM,2020-04-15,1554,106,70,16,0.0682110682110682,4.716981132075482,17.777777777777782,25,18
AM,2020-04-16,1719,124,165,18,0.07213496218731821,10.617760617760608,16.981132075471695,26,19
AM,2020-04-17,1809,145,90,21,0.08015478164731896,5.235602094240832,16.93548387096775,27,20
AM,2020-04-18,1897,161,88,16,0.08487084870848709,4.864566058595909,11.03448275862069,28,21
AM,2020-04-19,2044,182,147,21,0.08904109589041095,7.749077490774914,13.043478260869556,29,22
AM,2020-04-20,2160,185,116,3,0.08564814814814815,5.675146771037176,1.6483516483516425,30,23
AM,2020-04-21,2270,193,110,8,0.08502202643171806,5.092592592592582,4.324324324324325,31,24
AM,2020-04-22,2479,207,209,14,0.08350141185962082,9.20704845814977,7.253886010362698,32,25
AM,2020-04-23,2888,234,409,27,0.08102493074792244,16.49858814037919,13.043478260869556,33,26
AM,2020-04-24,3194,255,306,21,0.07983719474013776,10.595567867036015,8.974358974358964,34,27
AM,2020-04-25,3635,287,441,32,0.07895460797799175,13.807138384470875,12.549019607843137,35,28
AM,2020-04-26,3833,304,198,17,0.07931124445603965,5.447042640990363,5.923344947735187,36,29
RR,2020-02-25,0,0,0,0,NaN,NaN,NaN,NA,NA
RR,2020-02-26,0,0,0,0,NaN,NaN,NaN,NA,NA
RR,2020-02-27,0,0,0,0,NaN,NaN,NaN,NA,NA
RR,2020-02-28,0,0,0,0,NaN,NaN,NaN,NA,NA
RR,2020-02-29,0,0,0,0,NaN,NaN,NaN,NA,NA
RR,2020-03-01,0,0,0,0,NaN,NaN,NaN,NA,NA
RR,2020-03-02,0,0,0,0,NaN,NaN,NaN,NA,NA
RR,2020-03-03,0,0,0,0,NaN,NaN,NaN,NA,NA
RR,2020-03-04,0,0,0,0,NaN,NaN,NaN,NA,NA
RR,2020-03-05,0,0,0,0,NaN,NaN,NaN,NA,NA
RR,2020-03-06,0,0,0,0,NaN,NaN,NaN,NA,NA
RR,2020-03-07,0,0,0,0,NaN,NaN,NaN,NA,NA
RR,2020-03-08,0,0,0,0,NaN,NaN,NaN,NA,NA
RR,2020-03-09,0,0,0,0,NaN,NaN,NaN,NA,NA
RR,2020-03-10,0,0,0,0,NaN,NaN,NaN,NA,NA
RR,2020-03-11,0,0,0,0,NaN,NaN,NaN,NA,NA
RR,2020-03-12,0,0,0,0,NaN,NaN,NaN,NA,NA
RR,2020-03-13,0,0,0,0,NaN,NaN,NaN,NA,NA
RR,2020-03-14,0,0,0,0,NaN,NaN,NaN,NA,NA
RR,2020-03-15,0,0,0,0,NaN,NaN,NaN,NA,NA
RR,2020-03-16,0,0,0,0,NaN,NaN,NaN,NA,NA
RR,2020-03-17,0,0,0,0,NaN,NaN,NaN,NA,NA
RR,2020-03-18,0,0,0,0,NaN,NaN,NaN,NA,NA
RR,2020-03-19,0,0,0,0,NaN,NaN,NaN,NA,NA
RR,2020-03-20,0,0,0,0,NaN,NaN,NaN,NA,NA
RR,2020-03-21,0,0,0,0,NaN,NaN,NaN,NA,NA
RR,2020-03-22,2,0,2,0,0,Inf,NaN,NA,NA
RR,2020-03-23,2,0,0,0,0,0,NaN,NA,NA
RR,2020-03-24,2,0,0,0,0,0,NaN,NA,NA
RR,2020-03-25,8,0,6,0,0,300,NaN,NA,NA
RR,2020-03-26,8,0,0,0,0,0,NaN,NA,NA
RR,2020-03-27,10,0,2,0,0,25,NaN,0,NA
RR,2020-03-28,12,0,2,0,0,19.999999999999996,NaN,1,NA
RR,2020-03-29,16,0,4,0,0,33.33333333333333,NaN,2,NA
RR,2020-03-30,16,0,0,0,0,0,NaN,3,NA
RR,2020-03-31,16,0,0,0,0,0,NaN,4,NA
RR,2020-04-01,22,0,6,0,0,37.5,NaN,5,NA
RR,2020-04-02,26,0,4,0,0,18.181818181818187,NaN,6,NA
RR,2020-04-03,30,0,4,0,0,15.384615384615374,NaN,7,NA
RR,2020-04-04,37,1,7,1,0.02702702702702703,23.33333333333334,Inf,8,NA
RR,2020-04-05,42,1,5,0,0.023809523809523808,13.513513513513509,0,9,NA
RR,2020-04-06,42,1,0,0,0.023809523809523808,0,0,10,NA
RR,2020-04-07,42,1,0,0,0.023809523809523808,0,0,11,NA
RR,2020-04-08,49,1,7,0,0.02040816326530612,16.666666666666675,0,12,NA
RR,2020-04-09,52,1,3,0,0.019230769230769232,6.1224489795918435,0,13,NA
RR,2020-04-10,63,3,11,2,0.047619047619047616,21.153846153846146,200,14,NA
RR,2020-04-11,75,3,12,0,0.04,19.047619047619047,0,15,NA
RR,2020-04-12,79,3,4,0,0.0379746835443038,5.333333333333323,0,16,NA
RR,2020-04-13,83,3,4,0,0.03614457831325301,5.063291139240511,0,17,NA
RR,2020-04-14,113,3,30,0,0.02654867256637168,36.14457831325302,0,18,0
RR,2020-04-15,114,3,1,0,0.02631578947368421,0.8849557522123908,0,19,1
RR,2020-04-16,142,3,28,0,0.02112676056338028,24.56140350877194,0,20,2
RR,2020-04-17,164,3,22,0,0.018292682926829267,15.492957746478876,0,21,3
RR,2020-04-18,201,3,37,0,0.014925373134328358,22.560975609756095,0,22,4
RR,2020-04-19,222,3,21,0,0.013513513513513514,10.447761194029859,0,23,5
RR,2020-04-20,244,3,22,0,0.012295081967213115,9.90990990990992,0,24,6
RR,2020-04-21,247,3,3,0,0.012145748987854251,1.2295081967213184,0,25,7
RR,2020-04-22,280,3,33,0,0.010714285714285714,13.36032388663968,0,26,8
RR,2020-04-23,297,3,17,0,0.010101010101010102,6.071428571428572,0,27,9
RR,2020-04-24,304,3,7,0,0.009868421052631578,2.3569023569023573,0,28,10
RR,2020-04-25,345,3,41,0,0.008695652173913044,13.486842105263165,0,29,11
RR,2020-04-26,401,4,56,1,0.00997506234413965,16.231884057971023,33.33333333333333,30,12
PA,2020-02-25,0,0,0,0,NaN,NaN,NaN,NA,NA
PA,2020-02-26,0,0,0,0,NaN,NaN,NaN,NA,NA
PA,2020-02-27,0,0,0,0,NaN,NaN,NaN,NA,NA
PA,2020-02-28,0,0,0,0,NaN,NaN,NaN,NA,NA
PA,2020-02-29,0,0,0,0,NaN,NaN,NaN,NA,NA
PA,2020-03-01,0,0,0,0,NaN,NaN,NaN,NA,NA
PA,2020-03-02,0,0,0,0,NaN,NaN,NaN,NA,NA
PA,2020-03-03,0,0,0,0,NaN,NaN,NaN,NA,NA
PA,2020-03-04,0,0,0,0,NaN,NaN,NaN,NA,NA
PA,2020-03-05,0,0,0,0,NaN,NaN,NaN,NA,NA
PA,2020-03-06,0,0,0,0,NaN,NaN,NaN,NA,NA
PA,2020-03-07,0,0,0,0,NaN,NaN,NaN,NA,NA
PA,2020-03-08,0,0,0,0,NaN,NaN,NaN,NA,NA
PA,2020-03-09,0,0,0,0,NaN,NaN,NaN,NA,NA
PA,2020-03-10,0,0,0,0,NaN,NaN,NaN,NA,NA
PA,2020-03-11,0,0,0,0,NaN,NaN,NaN,NA,NA
PA,2020-03-12,0,0,0,0,NaN,NaN,NaN,NA,NA
PA,2020-03-13,0,0,0,0,NaN,NaN,NaN,NA,NA
PA,2020-03-14,0,0,0,0,NaN,NaN,NaN,NA,NA
PA,2020-03-15,0,0,0,0,NaN,NaN,NaN,NA,NA
PA,2020-03-16,0,0,0,0,NaN,NaN,NaN,NA,NA
PA,2020-03-17,0,0,0,0,NaN,NaN,NaN,NA,NA
PA,2020-03-18,0,0,0,0,NaN,NaN,NaN,NA,NA
PA,2020-03-19,1,0,1,0,0,Inf,NaN,NA,NA
PA,2020-03-20,2,0,1,0,0,100,NaN,NA,NA
PA,2020-03-21,2,0,0,0,0,0,NaN,NA,NA
PA,2020-03-22,4,0,2,0,0,100,NaN,NA,NA
PA,2020-03-23,5,0,1,0,0,25,NaN,NA,NA
PA,2020-03-24,5,0,0,0,0,0,NaN,NA,NA
PA,2020-03-25,7,0,2,0,0,39.99999999999999,NaN,NA,NA
PA,2020-03-26,13,0,6,0,0,85.71428571428572,NaN,0,NA
PA,2020-03-27,13,0,0,0,0,0,NaN,1,NA
PA,2020-03-28,17,0,4,0,0,30.76923076923077,NaN,2,NA
PA,2020-03-29,18,0,1,0,0,5.882352941176472,NaN,3,NA
PA,2020-03-30,21,0,3,0,0,16.666666666666675,NaN,4,NA
PA,2020-03-31,32,0,11,0,0,52.38095238095237,NaN,5,NA
PA,2020-04-01,40,1,8,1,0.025,25,Inf,6,NA
PA,2020-04-02,46,1,6,0,0.021739130434782608,14.999999999999991,0,7,NA
PA,2020-04-03,50,1,4,0,0.02,8.695652173913038,0,8,NA
PA,2020-04-04,80,1,30,0,0.0125,60.00000000000001,0,9,NA
PA,2020-04-05,86,1,6,0,0.011627906976744186,7.499999999999996,0,10,NA
PA,2020-04-06,102,3,16,2,0.029411764705882353,18.60465116279071,200,11,0
PA,2020-04-07,138,5,36,2,0.036231884057971016,35.29411764705883,66.66666666666667,12,1
PA,2020-04-08,167,6,29,1,0.03592814371257485,21.014492753623195,19.999999999999996,13,2
PA,2020-04-09,168,7,1,1,0.041666666666666664,0.5988023952095745,16.666666666666675,14,3
PA,2020-04-10,170,9,2,2,0.052941176470588235,1.1904761904761862,28.57142857142858,15,4
PA,2020-04-11,217,10,47,1,0.04608294930875576,27.647058823529402,11.111111111111116,16,5
PA,2020-04-12,246,13,29,3,0.052845528455284556,13.364055299539167,30.000000000000004,17,6
PA,2020-04-13,270,15,24,2,0.05555555555555555,9.756097560975618,15.384615384615374,18,7
PA,2020-04-14,323,19,53,4,0.058823529411764705,19.62962962962962,26.66666666666666,19,8
PA,2020-04-15,384,21,61,2,0.0546875,18.885448916408663,10.526315789473696,20,9
PA,2020-04-16,438,24,54,3,0.0547945205479452,14.0625,14.28571428571428,21,10
PA,2020-04-17,557,26,119,2,0.0466786355475763,27.168949771689487,8.333333333333325,22,11
PA,2020-04-18,640,33,83,7,0.0515625,14.901256732495515,26.923076923076916,23,12
PA,2020-04-19,685,34,45,1,0.049635036496350364,7.03125,3.0303030303030276,24,13
PA,2020-04-20,902,35,217,1,0.038802660753880266,31.678832116788325,2.941176470588225,25,14
PA,2020-04-21,1026,38,124,3,0.037037037037037035,13.747228381374722,8.571428571428562,26,15
PA,2020-04-22,1195,43,169,5,0.03598326359832636,16.471734892787527,13.157894736842103,27,16
PA,2020-04-23,1267,53,72,10,0.041831097079715863,6.025104602510467,23.25581395348837,28,17
PA,2020-04-24,1446,75,179,22,0.05186721991701245,14.127861089187066,41.50943396226414,29,18
PA,2020-04-25,1579,86,133,11,0.05446485117162761,9.197786998616863,14.666666666666671,30,19
PA,2020-04-26,1867,100,288,14,0.05356186395286556,18.23939202026599,16.279069767441868,31,20
AP,2020-02-25,0,0,0,0,NaN,NaN,NaN,NA,NA
AP,2020-02-26,0,0,0,0,NaN,NaN,NaN,NA,NA
AP,2020-02-27,0,0,0,0,NaN,NaN,NaN,NA,NA
AP,2020-02-28,0,0,0,0,NaN,NaN,NaN,NA,NA
AP,2020-02-29,0,0,0,0,NaN,NaN,NaN,NA,NA
AP,2020-03-01,0,0,0,0,NaN,NaN,NaN,NA,NA
AP,2020-03-02,0,0,0,0,NaN,NaN,NaN,NA,NA
AP,2020-03-03,0,0,0,0,NaN,NaN,NaN,NA,NA
AP,2020-03-04,0,0,0,0,NaN,NaN,NaN,NA,NA
AP,2020-03-05,0,0,0,0,NaN,NaN,NaN,NA,NA
AP,2020-03-06,0,0,0,0,NaN,NaN,NaN,NA,NA
AP,2020-03-07,0,0,0,0,NaN,NaN,NaN,NA,NA
AP,2020-03-08,0,0,0,0,NaN,NaN,NaN,NA,NA
AP,2020-03-09,0,0,0,0,NaN,NaN,NaN,NA,NA
AP,2020-03-10,0,0,0,0,NaN,NaN,NaN,NA,NA
AP,2020-03-11,0,0,0,0,NaN,NaN,NaN,NA,NA
AP,2020-03-12,0,0,0,0,NaN,NaN,NaN,NA,NA
AP,2020-03-13,0,0,0,0,NaN,NaN,NaN,NA,NA
AP,2020-03-14,0,0,0,0,NaN,NaN,NaN,NA,NA
AP,2020-03-15,0,0,0,0,NaN,NaN,NaN,NA,NA
AP,2020-03-16,0,0,0,0,NaN,NaN,NaN,NA,NA
AP,2020-03-17,0,0,0,0,NaN,NaN,NaN,NA,NA
AP,2020-03-18,0,0,0,0,NaN,NaN,NaN,NA,NA
AP,2020-03-19,0,0,0,0,NaN,NaN,NaN,NA,NA
AP,2020-03-20,1,0,1,0,0,Inf,NaN,NA,NA
AP,2020-03-21,1,0,0,0,0,0,NaN,NA,NA
AP,2020-03-22,1,0,0,0,0,0,NaN,NA,NA
AP,2020-03-23,1,0,0,0,0,0,NaN,NA,NA
AP,2020-03-24,1,0,0,0,0,0,NaN,NA,NA
AP,2020-03-25,1,0,0,0,0,0,NaN,NA,NA
AP,2020-03-26,2,0,1,0,0,100,NaN,NA,NA
AP,2020-03-27,2,0,0,0,0,0,NaN,NA,NA
AP,2020-03-28,4,0,2,0,0,100,NaN,NA,NA
AP,2020-03-29,4,0,0,0,0,0,NaN,NA,NA
AP,2020-03-30,8,0,4,0,0,100,NaN,NA,NA
AP,2020-03-31,10,0,2,0,0,25,NaN,0,NA
AP,2020-04-01,11,0,1,0,0,10.000000000000009,NaN,1,NA
AP,2020-04-02,11,0,0,0,0,0,NaN,2,NA
AP,2020-04-03,19,0,8,0,0,72.72727272727273,NaN,3,NA
AP,2020-04-04,28,1,9,1,0.03571428571428571,47.36842105263157,Inf,4,NA
AP,2020-04-05,29,2,1,1,0.06896551724137931,3.571428571428581,100,5,NA
AP,2020-04-06,34,2,5,0,0.058823529411764705,17.24137931034482,0,6,NA
AP,2020-04-07,48,2,14,0,0.041666666666666664,41.176470588235304,0,7,NA
AP,2020-04-08,107,2,59,0,0.018691588785046728,122.91666666666666,0,8,0
AP,2020-04-09,128,2,21,0,0.015625,19.626168224299057,0,9,1
AP,2020-04-10,166,2,38,0,0.012048192771084338,29.6875,0,10,2
AP,2020-04-11,193,3,27,1,0.015544041450777202,16.26506024096386,50,11,3
AP,2020-04-12,230,5,37,2,0.021739130434782608,19.17098445595855,66.66666666666667,12,4
AP,2020-04-13,242,5,12,0,0.02066115702479339,5.217391304347818,0,13,5
AP,2020-04-14,307,6,65,1,0.019543973941368076,26.859504132231415,19.999999999999996,14,6
AP,2020-04-15,334,7,27,1,0.020958083832335328,8.794788273615639,16.666666666666675,15,7
AP,2020-04-16,362,9,28,2,0.024861878453038673,8.383233532934131,28.57142857142858,16,8
AP,2020-04-17,370,10,8,1,0.02702702702702703,2.20994475138121,11.111111111111116,17,9
AP,2020-04-18,393,10,23,0,0.02544529262086514,6.216216216216219,0,18,10
AP,2020-04-19,416,11,23,1,0.026442307692307692,5.852417302798973,10.000000000000009,19,11
AP,2020-04-20,433,13,17,2,0.03002309468822171,4.086538461538458,18.181818181818187,20,12
AP,2020-04-21,457,13,24,0,0.028446389496717725,5.542725173210172,0,21,13
AP,2020-04-22,479,14,22,1,0.029227557411273485,4.814004376367609,7.692307692307687,22,14
AP,2020-04-23,548,16,69,2,0.029197080291970802,14.405010438413356,14.28571428571428,23,15
AP,2020-04-24,633,18,85,2,0.02843601895734597,15.51094890510949,12.5,24,16
AP,2020-04-25,685,19,52,1,0.027737226277372264,8.21484992101107,5.555555555555558,25,17
AP,2020-04-26,798,21,113,2,0.02631578947368421,16.496350364963508,10.526315789473696,26,18
TO,2020-02-25,0,0,0,0,NaN,NaN,NaN,NA,NA
TO,2020-02-26,0,0,0,0,NaN,NaN,NaN,NA,NA
TO,2020-02-27,0,0,0,0,NaN,NaN,NaN,NA,NA
TO,2020-02-28,0,0,0,0,NaN,NaN,NaN,NA,NA
TO,2020-02-29,0,0,0,0,NaN,NaN,NaN,NA,NA
TO,2020-03-01,0,0,0,0,NaN,NaN,NaN,NA,NA
TO,2020-03-02,0,0,0,0,NaN,NaN,NaN,NA,NA
TO,2020-03-03,0,0,0,0,NaN,NaN,NaN,NA,NA
TO,2020-03-04,0,0,0,0,NaN,NaN,NaN,NA,NA
TO,2020-03-05,0,0,0,0,NaN,NaN,NaN,NA,NA
TO,2020-03-06,0,0,0,0,NaN,NaN,NaN,NA,NA
TO,2020-03-07,0,0,0,0,NaN,NaN,NaN,NA,NA
TO,2020-03-08,0,0,0,0,NaN,NaN,NaN,NA,NA
TO,2020-03-09,0,0,0,0,NaN,NaN,NaN,NA,NA
TO,2020-03-10,0,0,0,0,NaN,NaN,NaN,NA,NA
TO,2020-03-11,0,0,0,0,NaN,NaN,NaN,NA,NA
TO,2020-03-12,0,0,0,0,NaN,NaN,NaN,NA,NA
TO,2020-03-13,0,0,0,0,NaN,NaN,NaN,NA,NA
TO,2020-03-14,0,0,0,0,NaN,NaN,NaN,NA,NA
TO,2020-03-15,0,0,0,0,NaN,NaN,NaN,NA,NA
TO,2020-03-16,0,0,0,0,NaN,NaN,NaN,NA,NA
TO,2020-03-17,0,0,0,0,NaN,NaN,NaN,NA,NA
TO,2020-03-18,0,0,0,0,NaN,NaN,NaN,NA,NA
TO,2020-03-19,1,0,1,0,0,Inf,NaN,NA,NA
TO,2020-03-20,1,0,0,0,0,0,NaN,NA,NA
TO,2020-03-21,2,0,1,0,0,100,NaN,NA,NA
TO,2020-03-22,2,0,0,0,0,0,NaN,NA,NA
TO,2020-03-23,5,0,3,0,0,150,NaN,NA,NA
TO,2020-03-24,7,0,2,0,0,39.99999999999999,NaN,NA,NA
TO,2020-03-25,7,0,0,0,0,0,NaN,NA,NA
TO,2020-03-26,7,0,0,0,0,0,NaN,NA,NA
TO,2020-03-27,8,0,1,0,0,14.28571428571428,NaN,NA,NA
TO,2020-03-28,9,0,1,0,0,12.5,NaN,NA,NA
TO,2020-03-29,9,0,0,0,0,0,NaN,NA,NA
TO,2020-03-30,10,0,1,0,0,11.111111111111116,NaN,0,NA
TO,2020-03-31,11,0,1,0,0,10.000000000000009,NaN,1,NA
TO,2020-04-01,12,0,1,0,0,9.090909090909083,NaN,2,NA
TO,2020-04-02,12,0,0,0,0,0,NaN,3,NA
TO,2020-04-03,12,0,0,0,0,0,NaN,4,NA
TO,2020-04-04,14,0,2,0,0,16.666666666666675,NaN,5,NA
TO,2020-04-05,17,0,3,0,0,21.42857142857142,NaN,6,NA
TO,2020-04-06,17,0,0,0,0,0,NaN,7,NA
TO,2020-04-07,19,0,2,0,0,11.764705882352944,NaN,8,NA
TO,2020-04-08,23,0,4,0,0,21.052631578947366,NaN,9,NA
TO,2020-04-09,23,0,0,0,0,0,NaN,10,NA
TO,2020-04-10,23,0,0,0,0,0,NaN,11,NA
TO,2020-04-11,23,0,0,0,0,0,NaN,12,NA
TO,2020-04-12,25,0,2,0,0,8.695652173913038,NaN,13,NA
TO,2020-04-13,26,0,1,0,0,4.0000000000000036,NaN,14,NA
TO,2020-04-14,26,0,0,0,0,0,NaN,15,NA
TO,2020-04-15,26,1,0,1,0.038461538461538464,0,Inf,16,NA
TO,2020-04-16,29,1,3,0,0.034482758620689655,11.538461538461542,0,17,NA
TO,2020-04-17,31,1,2,0,0.03225806451612903,6.896551724137923,0,18,NA
TO,2020-04-18,33,1,2,0,0.030303030303030304,6.451612903225801,0,19,NA
TO,2020-04-19,33,1,0,0,0.030303030303030304,0,0,20,NA
TO,2020-04-20,34,1,1,0,0.029411764705882353,3.0303030303030276,0,21,NA
TO,2020-04-21,37,1,3,0,0.02702702702702703,8.823529411764696,0,22,NA
TO,2020-04-22,37,1,0,0,0.02702702702702703,0,0,23,NA
TO,2020-04-23,37,2,0,1,0.05405405405405406,0,100,24,NA
TO,2020-04-24,43,2,6,0,0.046511627906976744,16.216216216216207,0,25,NA
TO,2020-04-25,50,2,7,0,0.04,16.279069767441868,0,26,NA
TO,2020-04-26,58,2,8,0,0.034482758620689655,15.999999999999993,0,27,NA
MA,2020-02-25,0,0,0,0,NaN,NaN,NaN,NA,NA
MA,2020-02-26,0,0,0,0,NaN,NaN,NaN,NA,NA
MA,2020-02-27,0,0,0,0,NaN,NaN,NaN,NA,NA
MA,2020-02-28,0,0,0,0,NaN,NaN,NaN,NA,NA
MA,2020-02-29,0,0,0,0,NaN,NaN,NaN,NA,NA
MA,2020-03-01,0,0,0,0,NaN,NaN,NaN,NA,NA
MA,2020-03-02,0,0,0,0,NaN,NaN,NaN,NA,NA
MA,2020-03-03,0,0,0,0,NaN,NaN,NaN,NA,NA
MA,2020-03-04,0,0,0,0,NaN,NaN,NaN,NA,NA
MA,2020-03-05,0,0,0,0,NaN,NaN,NaN,NA,NA
MA,2020-03-06,0,0,0,0,NaN,NaN,NaN,NA,NA
MA,2020-03-07,0,0,0,0,NaN,NaN,NaN,NA,NA
MA,2020-03-08,0,0,0,0,NaN,NaN,NaN,NA,NA
MA,2020-03-09,0,0,0,0,NaN,NaN,NaN,NA,NA
MA,2020-03-10,0,0,0,0,NaN,NaN,NaN,NA,NA
MA,2020-03-11,0,0,0,0,NaN,NaN,NaN,NA,NA
MA,2020-03-12,0,0,0,0,NaN,NaN,NaN,NA,NA
MA,2020-03-13,0,0,0,0,NaN,NaN,NaN,NA,NA
MA,2020-03-14,0,0,0,0,NaN,NaN,NaN,NA,NA
MA,2020-03-15,0,0,0,0,NaN,NaN,NaN,NA,NA
MA,2020-03-16,0,0,0,0,NaN,NaN,NaN,NA,NA
MA,2020-03-17,0,0,0,0,NaN,NaN,NaN,NA,NA
MA,2020-03-18,0,0,0,0,NaN,NaN,NaN,NA,NA
MA,2020-03-19,0,0,0,0,NaN,NaN,NaN,NA,NA
MA,2020-03-20,0,0,0,0,NaN,NaN,NaN,NA,NA
MA,2020-03-21,1,0,1,0,0,Inf,NaN,NA,NA
MA,2020-03-22,2,0,1,0,0,100,NaN,NA,NA
MA,2020-03-23,2,0,0,0,0,0,NaN,NA,NA
MA,2020-03-24,8,0,6,0,0,300,NaN,NA,NA
MA,2020-03-25,8,0,0,0,0,0,NaN,NA,NA
MA,2020-03-26,10,0,2,0,0,25,NaN,0,NA
MA,2020-03-27,13,0,3,0,0,30.000000000000004,NaN,1,NA
MA,2020-03-28,14,0,1,0,0,7.692307692307687,NaN,2,NA
MA,2020-03-29,16,0,2,0,0,14.28571428571428,NaN,3,NA
MA,2020-03-30,23,1,7,1,0.043478260869565216,43.75,Inf,4,NA
MA,2020-03-31,31,1,8,0,0.03225806451612903,34.78260869565217,0,5,NA
MA,2020-04-01,52,1,21,0,0.019230769230769232,67.74193548387098,0,6,NA
MA,2020-04-02,71,1,19,0,0.014084507042253521,36.53846153846154,0,7,NA
MA,2020-04-03,81,1,10,0,0.012345679012345678,14.084507042253524,0,8,NA
MA,2020-04-04,88,1,7,0,0.011363636363636364,8.64197530864197,0,9,NA
MA,2020-04-05,96,2,8,1,0.020833333333333332,9.090909090909083,100,10,NA
MA,2020-04-06,133,2,37,0,0.015037593984962405,38.54166666666667,0,11,0
MA,2020-04-07,172,4,39,2,0.023255813953488372,29.323308270676684,100,12,1
MA,2020-04-08,230,11,58,7,0.04782608695652174,33.72093023255813,175,13,2
MA,2020-04-09,273,12,43,1,0.04395604395604396,18.695652173913047,9.090909090909083,14,3
MA,2020-04-10,293,16,20,4,0.05460750853242321,7.326007326007322,33.33333333333333,15,4
MA,2020-04-11,344,21,51,5,0.061046511627906974,17.40614334470989,31.25,16,5
MA,2020-04-12,398,24,54,3,0.06030150753768844,15.697674418604656,14.28571428571428,17,6
MA,2020-04-13,445,27,47,3,0.060674157303370786,11.809045226130642,12.5,18,7
MA,2020-04-14,478,32,33,5,0.06694560669456066,7.415730337078652,18.518518518518512,19,8
MA,2020-04-15,630,34,152,2,0.05396825396825397,31.799163179916313,6.25,20,9
MA,2020-04-16,695,37,65,3,0.053237410071942444,10.317460317460325,8.823529411764696,21,10
MA,2020-04-17,797,40,102,3,0.050188205771643665,14.676258992805757,8.108108108108114,22,11
MA,2020-04-18,1040,44,243,4,0.04230769230769231,30.48933500627353,10.000000000000009,23,12
MA,2020-04-19,1205,48,165,4,0.03983402489626556,15.865384615384626,9.090909090909083,24,13
MA,2020-04-20,1320,54,115,6,0.04090909090909091,9.543568464730301,12.5,25,14
MA,2020-04-21,1396,60,76,6,0.04297994269340974,5.757575757575761,11.111111111111116,26,15
MA,2020-04-22,1604,66,208,6,0.04114713216957606,14.899713467048702,10.000000000000009,27,16
MA,2020-04-23,1757,76,153,10,0.043255549231644846,9.53865336658355,15.15151515151516,28,17
MA,2020-04-24,1951,88,194,12,0.0451050743208611,11.041548093340925,15.789473684210531,29,18
MA,2020-04-25,2105,100,154,12,0.047505938242280284,7.893388006150692,13.636363636363647,30,19
MA,2020-04-26,2223,112,118,12,0.05038236617183985,5.605700712589079,12.00000000000001,31,20
PI,2020-02-25,0,0,0,0,NaN,NaN,NaN,NA,NA
PI,2020-02-26,0,0,0,0,NaN,NaN,NaN,NA,NA
PI,2020-02-27,0,0,0,0,NaN,NaN,NaN,NA,NA
PI,2020-02-28,0,0,0,0,NaN,NaN,NaN,NA,NA
PI,2020-02-29,0,0,0,0,NaN,NaN,NaN,NA,NA
PI,2020-03-01,0,0,0,0,NaN,NaN,NaN,NA,NA
PI,2020-03-02,0,0,0,0,NaN,NaN,NaN,NA,NA
PI,2020-03-03,0,0,0,0,NaN,NaN,NaN,NA,NA
PI,2020-03-04,0,0,0,0,NaN,NaN,NaN,NA,NA
PI,2020-03-05,0,0,0,0,NaN,NaN,NaN,NA,NA
PI,2020-03-06,0,0,0,0,NaN,NaN,NaN,NA,NA
PI,2020-03-07,0,0,0,0,NaN,NaN,NaN,NA,NA
PI,2020-03-08,0,0,0,0,NaN,NaN,NaN,NA,NA
PI,2020-03-09,0,0,0,0,NaN,NaN,NaN,NA,NA
PI,2020-03-10,0,0,0,0,NaN,NaN,NaN,NA,NA
PI,2020-03-11,0,0,0,0,NaN,NaN,NaN,NA,NA
PI,2020-03-12,0,0,0,0,NaN,NaN,NaN,NA,NA
PI,2020-03-13,0,0,0,0,NaN,NaN,NaN,NA,NA
PI,2020-03-14,0,0,0,0,NaN,NaN,NaN,NA,NA
PI,2020-03-15,0,0,0,0,NaN,NaN,NaN,NA,NA
PI,2020-03-16,0,0,0,0,NaN,NaN,NaN,NA,NA
PI,2020-03-17,0,0,0,0,NaN,NaN,NaN,NA,NA
PI,2020-03-18,0,0,0,0,NaN,NaN,NaN,NA,NA
PI,2020-03-19,0,0,0,0,NaN,NaN,NaN,NA,NA
PI,2020-03-20,3,0,3,0,0,Inf,NaN,NA,NA
PI,2020-03-21,4,0,1,0,0,33.33333333333333,NaN,NA,NA
PI,2020-03-22,4,0,0,0,0,0,NaN,NA,NA
PI,2020-03-23,6,0,2,0,0,50,NaN,NA,NA
PI,2020-03-24,6,0,0,0,0,0,NaN,NA,NA
PI,2020-03-25,8,0,2,0,0,33.33333333333333,NaN,NA,NA
PI,2020-03-26,9,0,1,0,0,12.5,NaN,NA,NA
PI,2020-03-27,9,0,0,0,0,0,NaN,NA,NA
PI,2020-03-28,11,1,2,1,0.09090909090909091,22.222222222222232,Inf,0,NA
PI,2020-03-29,14,1,3,0,0.07142857142857142,27.27272727272727,0,1,NA
PI,2020-03-30,16,3,2,2,0.1875,14.28571428571428,200,2,NA
PI,2020-03-31,18,4,2,1,0.2222222222222222,12.5,33.33333333333333,3,NA
PI,2020-04-01,18,4,0,0,0.2222222222222222,0,0,4,NA
PI,2020-04-02,19,4,1,0,0.21052631578947367,5.555555555555558,0,5,NA
PI,2020-04-03,21,4,2,0,0.19047619047619047,10.526315789473696,0,6,NA
PI,2020-04-04,22,4,1,0,0.18181818181818182,4.761904761904767,0,7,NA
PI,2020-04-05,23,4,1,0,0.17391304347826086,4.545454545454541,0,8,NA
PI,2020-04-06,23,4,0,0,0.17391304347826086,0,0,9,NA
PI,2020-04-07,28,4,5,0,0.14285714285714285,21.739130434782616,0,10,NA
PI,2020-04-08,31,5,3,1,0.16129032258064516,10.71428571428572,25,11,NA
PI,2020-04-09,38,6,7,1,0.15789473684210525,22.580645161290324,19.999999999999996,12,NA
PI,2020-04-10,40,7,2,1,0.175,5.263157894736836,16.666666666666675,13,NA
PI,2020-04-11,41,7,1,0,0.17073170731707318,2.499999999999991,0,14,NA
PI,2020-04-12,44,7,3,0,0.1590909090909091,7.317073170731714,0,15,NA
PI,2020-04-13,50,8,6,1,0.16,13.636363636363647,14.28571428571428,16,NA
PI,2020-04-14,58,8,8,0,0.13793103448275862,15.999999999999993,0,17,NA
PI,2020-04-15,75,8,17,0,0.10666666666666667,29.31034482758621,0,18,NA
PI,2020-04-16,91,8,16,0,0.08791208791208792,21.333333333333336,0,19,NA
PI,2020-04-17,102,8,11,0,0.0784313725490196,12.08791208791209,0,20,0
PI,2020-04-18,123,9,21,1,0.07317073170731707,20.58823529411764,12.5,21,1
PI,2020-04-19,145,10,22,1,0.06896551724137931,17.886178861788625,11.111111111111116,22,2
PI,2020-04-20,158,12,13,2,0.0759493670886076,8.965517241379306,19.999999999999996,23,3
PI,2020-04-21,186,14,28,2,0.07526881720430108,17.721518987341778,16.666666666666675,24,4
PI,2020-04-22,206,15,20,1,0.07281553398058252,10.752688172043001,7.14285714285714,25,5
PI,2020-04-23,217,15,11,0,0.06912442396313365,5.339805825242716,0,26,6
PI,2020-04-24,256,16,39,1,0.0625,17.972350230414747,6.666666666666665,27,7
PI,2020-04-25,297,17,41,1,0.05723905723905724,16.015625,6.25,28,8
PI,2020-04-26,331,18,34,1,0.054380664652567974,11.44781144781144,5.882352941176472,29,9
CE,2020-02-25,0,0,0,0,NaN,NaN,NaN,NA,NA
CE,2020-02-26,0,0,0,0,NaN,NaN,NaN,NA,NA
CE,2020-02-27,0,0,0,0,NaN,NaN,NaN,NA,NA
CE,2020-02-28,0,0,0,0,NaN,NaN,NaN,NA,NA
CE,2020-02-29,0,0,0,0,NaN,NaN,NaN,NA,NA
CE,2020-03-01,0,0,0,0,NaN,NaN,NaN,NA,NA
CE,2020-03-02,0,0,0,0,NaN,NaN,NaN,NA,NA
CE,2020-03-03,0,0,0,0,NaN,NaN,NaN,NA,NA
CE,2020-03-04,0,0,0,0,NaN,NaN,NaN,NA,NA
CE,2020-03-05,0,0,0,0,NaN,NaN,NaN,NA,NA
CE,2020-03-06,0,0,0,0,NaN,NaN,NaN,NA,NA
CE,2020-03-07,0,0,0,0,NaN,NaN,NaN,NA,NA
CE,2020-03-08,0,0,0,0,NaN,NaN,NaN,NA,NA
CE,2020-03-09,0,0,0,0,NaN,NaN,NaN,NA,NA
CE,2020-03-10,0,0,0,0,NaN,NaN,NaN,NA,NA
CE,2020-03-11,0,0,0,0,NaN,NaN,NaN,NA,NA
CE,2020-03-12,0,0,0,0,NaN,NaN,NaN,NA,NA
CE,2020-03-13,0,0,0,0,NaN,NaN,NaN,NA,NA
CE,2020-03-14,0,0,0,0,NaN,NaN,NaN,NA,NA
CE,2020-03-15,0,0,0,0,NaN,NaN,NaN,NA,NA
CE,2020-03-16,0,0,0,0,NaN,NaN,NaN,NA,NA
CE,2020-03-17,5,0,5,0,0,Inf,NaN,NA,NA
CE,2020-03-18,9,0,4,0,0,80,NaN,NA,NA
CE,2020-03-19,20,0,11,0,0,122.22222222222223,NaN,0,NA
CE,2020-03-20,55,0,35,0,0,175,NaN,1,NA
CE,2020-03-21,68,0,13,0,0,23.636363636363633,NaN,2,NA
CE,2020-03-22,112,0,44,0,0,64.70588235294117,NaN,3,0
CE,2020-03-23,163,0,51,0,0,45.53571428571428,NaN,4,1
CE,2020-03-24,182,0,19,0,0,11.65644171779141,NaN,5,2
CE,2020-03-25,200,0,18,0,0,9.8901098901099,NaN,6,3
CE,2020-03-26,235,3,35,3,0.01276595744680851,17.500000000000004,Inf,7,4
CE,2020-03-27,282,3,47,0,0.010638297872340425,19.999999999999996,0,8,5
CE,2020-03-28,314,4,32,1,0.012738853503184714,11.347517730496449,33.33333333333333,9,6
CE,2020-03-29,348,5,34,1,0.014367816091954023,10.828025477707005,25,10,7
CE,2020-03-30,372,5,24,0,0.013440860215053764,6.896551724137923,0,11,8
CE,2020-03-31,390,7,18,2,0.017948717948717947,4.8387096774193505,39.99999999999999,12,9
CE,2020-04-01,444,8,54,1,0.018018018018018018,13.846153846153841,14.28571428571428,13,10
CE,2020-04-02,550,20,106,12,0.03636363636363636,23.873873873873876,150,14,11
CE,2020-04-03,627,22,77,2,0.03508771929824561,13.99999999999999,10.000000000000009,15,12
CE,2020-04-04,730,22,103,0,0.030136986301369864,16.427432216905903,0,16,13
CE,2020-04-05,823,26,93,4,0.031591737545565005,12.739726027397257,18.181818181818187,17,14
CE,2020-04-06,1013,29,190,3,0.028627838104639685,23.086269744835963,11.538461538461542,18,15
CE,2020-04-07,1051,31,38,2,0.029495718363463368,3.751233958539002,6.896551724137923,19,16
CE,2020-04-08,1291,43,240,12,0.033307513555383424,22.83539486203616,38.70967741935485,20,17
CE,2020-04-09,1425,55,134,12,0.03859649122807018,10.379550735863674,27.906976744186053,21,18
CE,2020-04-10,1478,58,53,3,0.03924221921515562,3.7192982456140333,5.454545454545445,22,19
CE,2020-04-11,1582,67,104,9,0.042351453855878636,7.036535859269288,15.517241379310342,23,20
CE,2020-04-12,1676,74,94,7,0.0441527446300716,5.941845764854614,10.447761194029859,24,21
CE,2020-04-13,1800,91,124,17,0.050555555555555555,7.398568019093088,22.972972972972983,25,22
CE,2020-04-14,2005,107,205,16,0.05336658354114713,11.388888888888893,17.582417582417587,26,23
CE,2020-04-15,2157,116,152,9,0.05377839592025962,7.581047381546124,8.411214953271017,27,24
CE,2020-04-16,2386,124,229,8,0.051969823973176864,10.616597125637451,6.896551724137923,28,25
CE,2020-04-17,2684,149,298,25,0.05551415797317437,12.489522212908643,20.161290322580648,29,26
CE,2020-04-18,3034,176,350,27,0.05800922874093606,13.040238450074515,18.120805369127524,30,27
CE,2020-04-19,3252,186,218,10,0.05719557195571956,7.185234014502306,5.681818181818188,31,28
CE,2020-04-20,3482,198,230,12,0.05686387133831131,7.072570725707261,6.451612903225801,32,29
CE,2020-04-21,3716,215,234,17,0.05785791173304629,6.720275703618617,8.585858585858585,33,30
CE,2020-04-22,3910,233,194,18,0.05959079283887468,5.220667384284172,8.372093023255811,34,31
CE,2020-04-23,4598,266,688,33,0.05785123966942149,17.595907928388744,14.163090128755362,35,32
CE,2020-04-24,4800,284,202,18,0.059166666666666666,4.393214441061333,6.766917293233088,36,33
CE,2020-04-25,5421,310,621,26,0.05718502121379819,12.937500000000002,9.154929577464799,37,34
CE,2020-04-26,5833,327,412,17,0.05606034630550317,7.600073787124151,5.483870967741944,38,35
RN,2020-02-25,0,0,0,0,NaN,NaN,NaN,NA,NA
RN,2020-02-26,0,0,0,0,NaN,NaN,NaN,NA,NA
RN,2020-02-27,0,0,0,0,NaN,NaN,NaN,NA,NA
RN,2020-02-28,0,0,0,0,NaN,NaN,NaN,NA,NA
RN,2020-02-29,0,0,0,0,NaN,NaN,NaN,NA,NA
RN,2020-03-01,0,0,0,0,NaN,NaN,NaN,NA,NA
RN,2020-03-02,0,0,0,0,NaN,NaN,NaN,NA,NA
RN,2020-03-03,0,0,0,0,NaN,NaN,NaN,NA,NA
RN,2020-03-04,0,0,0,0,NaN,NaN,NaN,NA,NA
RN,2020-03-05,0,0,0,0,NaN,NaN,NaN,NA,NA
RN,2020-03-06,0,0,0,0,NaN,NaN,NaN,NA,NA
RN,2020-03-07,0,0,0,0,NaN,NaN,NaN,NA,NA
RN,2020-03-08,0,0,0,0,NaN,NaN,NaN,NA,NA
RN,2020-03-09,0,0,0,0,NaN,NaN,NaN,NA,NA
RN,2020-03-10,0,0,0,0,NaN,NaN,NaN,NA,NA
RN,2020-03-11,0,0,0,0,NaN,NaN,NaN,NA,NA
RN,2020-03-12,0,0,0,0,NaN,NaN,NaN,NA,NA
RN,2020-03-13,1,0,1,0,0,Inf,NaN,NA,NA
RN,2020-03-14,1,0,0,0,0,0,NaN,NA,NA
RN,2020-03-15,1,0,0,0,0,0,NaN,NA,NA
RN,2020-03-16,1,0,0,0,0,0,NaN,NA,NA
RN,2020-03-17,1,0,0,0,0,0,NaN,NA,NA
RN,2020-03-18,1,0,0,0,0,0,NaN,NA,NA
RN,2020-03-19,1,0,0,0,0,0,NaN,NA,NA
RN,2020-03-20,1,0,0,0,0,0,NaN,NA,NA
RN,2020-03-21,6,0,5,0,0,500,NaN,NA,NA
RN,2020-03-22,9,0,3,0,0,50,NaN,NA,NA
RN,2020-03-23,13,0,4,0,0,44.44444444444444,NaN,0,NA
RN,2020-03-24,13,0,0,0,0,0,NaN,1,NA
RN,2020-03-25,14,0,1,0,0,7.692307692307687,NaN,2,NA
RN,2020-03-26,19,0,5,0,0,35.71428571428572,NaN,3,NA
RN,2020-03-27,28,0,9,0,0,47.36842105263157,NaN,4,NA
RN,2020-03-28,45,0,17,0,0,60.71428571428572,NaN,5,NA
RN,2020-03-29,68,1,23,1,0.014705882352941176,51.11111111111111,Inf,6,NA
RN,2020-03-30,77,1,9,0,0.012987012987012988,13.235294117647056,0,7,NA
RN,2020-03-31,82,1,5,0,0.012195121951219513,6.493506493506485,0,8,NA
RN,2020-04-01,92,2,10,1,0.021739130434782608,12.195121951219523,100,9,NA
RN,2020-04-02,105,2,13,0,0.01904761904761905,14.130434782608692,0,10,0
RN,2020-04-03,176,4,71,2,0.022727272727272728,67.61904761904762,100,11,1
RN,2020-04-04,212,5,36,1,0.02358490566037736,20.45454545454546,25,12,2
RN,2020-04-05,242,7,30,2,0.028925619834710745,14.150943396226424,39.99999999999999,13,3
RN,2020-04-06,246,7,4,0,0.028455284552845527,1.6528925619834656,0,14,4
RN,2020-04-07,254,8,8,1,0.031496062992125984,3.2520325203251987,14.28571428571428,15,5
RN,2020-04-08,261,11,7,3,0.0421455938697318,2.7559055118110187,37.5,16,6
RN,2020-04-09,261,11,0,0,0.0421455938697318,0,0,17,7
RN,2020-04-10,263,11,2,0,0.04182509505703422,0.766283524904221,0,18,8
RN,2020-04-11,289,13,26,2,0.04498269896193772,9.885931558935358,18.181818181818187,19,9
RN,2020-04-12,302,15,13,2,0.04966887417218543,4.498269896193774,15.384615384615374,20,10
RN,2020-04-13,339,17,37,2,0.05014749262536873,12.25165562913908,13.33333333333333,21,11
RN,2020-04-14,376,18,37,1,0.047872340425531915,10.914454277286145,5.882352941176472,22,12
RN,2020-04-15,399,19,23,1,0.047619047619047616,6.117021276595747,5.555555555555558,23,13
RN,2020-04-16,400,20,1,1,0.05,0.25062656641603454,5.263157894736836,24,14
RN,2020-04-17,463,23,63,3,0.04967602591792657,15.749999999999996,14.999999999999991,25,15
RN,2020-04-18,516,24,53,1,0.046511627906976744,11.447084233261329,4.347826086956519,26,16
RN,2020-04-19,531,25,15,1,0.047080979284369114,2.9069767441860517,4.166666666666674,27,17
RN,2020-04-20,595,27,64,2,0.0453781512605042,12.052730696798486,8.000000000000007,28,18
RN,2020-04-21,608,28,13,1,0.046052631578947366,2.184873949579824,3.703703703703698,29,19
RN,2020-04-22,646,29,38,1,0.04489164086687306,6.25,3.571428571428581,30,20
RN,2020-04-23,708,34,62,5,0.0480225988700565,9.597523219814242,17.24137931034482,31,21
RN,2020-04-24,754,38,46,4,0.050397877984084884,6.497175141242928,11.764705882352944,32,22
RN,2020-04-25,781,40,27,2,0.05121638924455826,3.5809018567639184,5.263157894736836,33,23
RN,2020-04-26,825,44,44,4,0.05333333333333334,5.633802816901401,10.000000000000009,34,24
PB,2020-02-25,0,0,0,0,NaN,NaN,NaN,NA,NA
PB,2020-02-26,0,0,0,0,NaN,NaN,NaN,NA,NA
PB,2020-02-27,0,0,0,0,NaN,NaN,NaN,NA,NA
PB,2020-02-28,0,0,0,0,NaN,NaN,NaN,NA,NA
PB,2020-02-29,0,0,0,0,NaN,NaN,NaN,NA,NA
PB,2020-03-01,0,0,0,0,NaN,NaN,NaN,NA,NA
PB,2020-03-02,0,0,0,0,NaN,NaN,NaN,NA,NA
PB,2020-03-03,0,0,0,0,NaN,NaN,NaN,NA,NA
PB,2020-03-04,0,0,0,0,NaN,NaN,NaN,NA,NA
PB,2020-03-05,0,0,0,0,NaN,NaN,NaN,NA,NA
PB,2020-03-06,0,0,0,0,NaN,NaN,NaN,NA,NA
PB,2020-03-07,0,0,0,0,NaN,NaN,NaN,NA,NA
PB,2020-03-08,0,0,0,0,NaN,NaN,NaN,NA,NA
PB,2020-03-09,0,0,0,0,NaN,NaN,NaN,NA,NA
PB,2020-03-10,0,0,0,0,NaN,NaN,NaN,NA,NA
PB,2020-03-11,0,0,0,0,NaN,NaN,NaN,NA,NA
PB,2020-03-12,0,0,0,0,NaN,NaN,NaN,NA,NA
PB,2020-03-13,0,0,0,0,NaN,NaN,NaN,NA,NA
PB,2020-03-14,0,0,0,0,NaN,NaN,NaN,NA,NA
PB,2020-03-15,0,0,0,0,NaN,NaN,NaN,NA,NA
PB,2020-03-16,0,0,0,0,NaN,NaN,NaN,NA,NA
PB,2020-03-17,0,0,0,0,NaN,NaN,NaN,NA,NA
PB,2020-03-18,0,0,0,0,NaN,NaN,NaN,NA,NA
PB,2020-03-19,1,0,1,0,0,Inf,NaN,NA,NA
PB,2020-03-20,1,0,0,0,0,0,NaN,NA,NA
PB,2020-03-21,1,0,0,0,0,0,NaN,NA,NA
PB,2020-03-22,1,0,0,0,0,0,NaN,NA,NA
PB,2020-03-23,2,0,1,0,0,100,NaN,NA,NA
PB,2020-03-24,3,0,1,0,0,50,NaN,NA,NA
PB,2020-03-25,3,0,0,0,0,0,NaN,NA,NA
PB,2020-03-26,5,0,2,0,0,66.66666666666667,NaN,NA,NA
PB,2020-03-27,9,0,4,0,0,80,NaN,NA,NA
PB,2020-03-28,14,0,5,0,0,55.55555555555556,NaN,0,NA
PB,2020-03-29,14,0,0,0,0,0,NaN,1,NA
PB,2020-03-30,15,0,1,0,0,7.14285714285714,NaN,2,NA
PB,2020-03-31,17,0,2,0,0,13.33333333333333,NaN,3,NA
PB,2020-04-01,20,1,3,1,0.05,17.647058823529417,Inf,4,NA
PB,2020-04-02,21,1,1,0,0.047619047619047616,5.000000000000004,0,5,NA
PB,2020-04-03,29,1,8,0,0.034482758620689655,38.095238095238095,0,6,NA
PB,2020-04-04,32,2,3,1,0.0625,10.344827586206895,100,7,NA
PB,2020-04-05,34,4,2,2,0.11764705882352941,6.25,100,8,NA
PB,2020-04-06,35,4,1,0,0.11428571428571428,2.941176470588225,0,9,NA
PB,2020-04-07,36,4,1,0,0.1111111111111111,2.857142857142847,0,10,NA
PB,2020-04-08,41,4,5,0,0.0975609756097561,13.888888888888884,0,11,NA
PB,2020-04-09,55,7,14,3,0.12727272727272726,34.14634146341464,75,12,NA
PB,2020-04-10,79,11,24,4,0.13924050632911392,43.636363636363626,57.14285714285714,13,NA
PB,2020-04-11,85,11,6,0,0.12941176470588237,7.594936708860756,0,14,NA
PB,2020-04-12,101,13,16,2,0.12871287128712872,18.823529411764707,18.181818181818187,15,0
PB,2020-04-13,111,13,10,0,0.11711711711711711,9.90099009900991,0,16,1
PB,2020-04-14,136,16,25,3,0.11764705882352941,22.522522522522515,23.076923076923084,17,2
PB,2020-04-15,151,21,15,5,0.1390728476821192,11.029411764705888,31.25,18,3
PB,2020-04-16,165,24,14,3,0.14545454545454545,9.27152317880795,14.28571428571428,19,4
PB,2020-04-17,195,26,30,2,0.13333333333333333,18.181818181818187,8.333333333333325,20,5
PB,2020-04-18,205,26,10,0,0.12682926829268293,5.128205128205132,0,21,6
PB,2020-04-19,236,29,31,3,0.1228813559322034,15.121951219512187,11.538461538461542,22,7
PB,2020-04-20,245,32,9,3,0.1306122448979592,3.813559322033888,10.344827586206895,23,8
PB,2020-04-21,263,33,18,1,0.12547528517110265,7.346938775510203,3.125,24,9
PB,2020-04-22,301,39,38,6,0.12956810631229235,14.448669201520904,18.181818181818187,25,10
PB,2020-04-23,345,40,44,1,0.11594202898550725,14.617940199335555,2.564102564102555,26,11
PB,2020-04-24,386,44,41,4,0.11398963730569948,11.884057971014483,10.000000000000009,27,12
PB,2020-04-25,447,46,61,2,0.1029082774049217,15.803108808290144,4.545454545454541,28,13
PB,2020-04-26,499,49,52,3,0.09819639278557114,11.633109619686799,6.521739130434789,29,14
PE,2020-02-25,0,0,0,0,NaN,NaN,NaN,NA,NA
PE,2020-02-26,0,0,0,0,NaN,NaN,NaN,NA,NA
PE,2020-02-27,0,0,0,0,NaN,NaN,NaN,NA,NA
PE,2020-02-28,0,0,0,0,NaN,NaN,NaN,NA,NA
PE,2020-02-29,0,0,0,0,NaN,NaN,NaN,NA,NA
PE,2020-03-01,0,0,0,0,NaN,NaN,NaN,NA,NA
PE,2020-03-02,0,0,0,0,NaN,NaN,NaN,NA,NA
PE,2020-03-03,0,0,0,0,NaN,NaN,NaN,NA,NA
PE,2020-03-04,0,0,0,0,NaN,NaN,NaN,NA,NA
PE,2020-03-05,0,0,0,0,NaN,NaN,NaN,NA,NA
PE,2020-03-06,0,0,0,0,NaN,NaN,NaN,NA,NA
PE,2020-03-07,0,0,0,0,NaN,NaN,NaN,NA,NA
PE,2020-03-08,0,0,0,0,NaN,NaN,NaN,NA,NA
PE,2020-03-09,0,0,0,0,NaN,NaN,NaN,NA,NA
PE,2020-03-10,0,0,0,0,NaN,NaN,NaN,NA,NA
PE,2020-03-11,0,0,0,0,NaN,NaN,NaN,NA,NA
PE,2020-03-12,2,0,2,0,0,Inf,NaN,NA,NA
PE,2020-03-13,2,0,0,0,0,0,NaN,NA,NA
PE,2020-03-14,2,0,0,0,0,0,NaN,NA,NA
PE,2020-03-15,2,0,0,0,0,0,NaN,NA,NA
PE,2020-03-16,2,0,0,0,0,0,NaN,NA,NA
PE,2020-03-17,16,0,14,0,0,700,NaN,0,NA
PE,2020-03-18,16,0,0,0,0,0,NaN,1,NA
PE,2020-03-19,28,0,12,0,0,75,NaN,2,NA
PE,2020-03-20,30,0,2,0,0,7.14285714285714,NaN,3,NA
PE,2020-03-21,30,0,0,0,0,0,NaN,4,NA
PE,2020-03-22,37,0,7,0,0,23.33333333333334,NaN,5,NA
PE,2020-03-23,42,0,5,0,0,13.513513513513509,NaN,6,NA
PE,2020-03-24,42,0,0,0,0,0,NaN,7,NA
PE,2020-03-25,46,1,4,1,0.021739130434782608,9.523809523809534,Inf,8,NA
PE,2020-03-26,48,3,2,2,0.0625,4.347826086956519,200,9,NA
PE,2020-03-27,56,4,8,1,0.07142857142857142,16.666666666666675,33.33333333333333,10,NA
PE,2020-03-28,68,5,12,1,0.07352941176470588,21.42857142857142,25,11,NA
PE,2020-03-29,73,5,5,0,0.0684931506849315,7.352941176470584,0,12,NA
PE,2020-03-30,78,6,5,1,0.07692307692307693,6.849315068493156,19.999999999999996,13,NA
PE,2020-03-31,87,6,9,0,0.06896551724137931,11.538461538461542,0,14,NA
PE,2020-04-01,95,8,8,2,0.08421052631578947,9.195402298850585,33.33333333333333,15,NA
PE,2020-04-02,106,9,11,1,0.08490566037735849,11.578947368421044,12.5,16,0
PE,2020-04-03,136,10,30,1,0.07352941176470588,28.301886792452823,11.111111111111116,17,1
PE,2020-04-04,176,14,40,4,0.07954545454545454,29.41176470588236,39.99999999999999,18,2
PE,2020-04-05,201,21,25,7,0.1044776119402985,14.204545454545459,50,19,3
PE,2020-04-06,223,30,22,9,0.13452914798206278,10.945273631840791,42.85714285714286,20,4
PE,2020-04-07,352,34,129,4,0.09659090909090909,57.84753363228698,13.33333333333333,21,5
PE,2020-04-08,401,46,49,12,0.11471321695760599,13.920454545454541,35.29411764705883,22,6
PE,2020-04-09,555,56,154,10,0.1009009009009009,38.40399002493766,21.739130434782616,23,7
PE,2020-04-10,684,65,129,9,0.09502923976608187,23.24324324324325,16.07142857142858,24,8
PE,2020-04-11,816,72,132,7,0.08823529411764706,19.298245614035082,10.769230769230775,25,9
PE,2020-04-12,960,85,144,13,0.08854166666666667,17.647058823529417,18.055555555555557,26,10
PE,2020-04-13,1154,102,194,17,0.08838821490467938,20.20833333333334,19.999999999999996,27,11
PE,2020-04-14,1284,115,130,13,0.0895638629283489,11.265164644714032,12.745098039215685,28,12
PE,2020-04-15,1484,143,200,28,0.0963611859838275,15.576323987538942,24.347826086956516,29,13
PE,2020-04-16,1683,160,199,17,0.09506833036244801,13.409703504043136,11.888111888111897,30,14
PE,2020-04-17,2006,186,323,26,0.09272183449651047,19.191919191919183,16.250000000000007,31,15
PE,2020-04-18,2193,205,187,19,0.09347925216598267,9.322033898305083,10.215053763440851,32,16
PE,2020-04-19,2459,216,266,11,0.08784058560390402,12.129502963976279,5.36585365853659,33,17
PE,2020-04-20,2690,234,231,18,0.08698884758364313,9.394062627084176,8.333333333333325,34,18
PE,2020-04-21,2908,260,218,26,0.08940852819807428,8.104089219330856,11.111111111111116,35,19
PE,2020-04-22,3298,282,390,22,0.08550636749545179,13.411279229711148,8.461538461538453,36,20
PE,2020-04-23,3519,312,221,30,0.0886615515771526,6.70103092783505,10.63829787234043,37,21
PE,2020-04-24,3999,352,480,40,0.08802200550137534,13.640238704177321,12.82051282051282,38,22
PE,2020-04-25,4507,381,508,29,0.08453516751719548,12.703175793948486,8.238636363636353,39,23
PE,2020-04-26,4898,415,391,34,0.0847284605961617,8.675393831817168,8.923884514435688,40,24
AL,2020-02-25,0,0,0,0,NaN,NaN,NaN,NA,NA
AL,2020-02-26,0,0,0,0,NaN,NaN,NaN,NA,NA
AL,2020-02-27,0,0,0,0,NaN,NaN,NaN,NA,NA
AL,2020-02-28,0,0,0,0,NaN,NaN,NaN,NA,NA
AL,2020-02-29,0,0,0,0,NaN,NaN,NaN,NA,NA
AL,2020-03-01,0,0,0,0,NaN,NaN,NaN,NA,NA
AL,2020-03-02,0,0,0,0,NaN,NaN,NaN,NA,NA
AL,2020-03-03,0,0,0,0,NaN,NaN,NaN,NA,NA
AL,2020-03-04,0,0,0,0,NaN,NaN,NaN,NA,NA
AL,2020-03-05,0,0,0,0,NaN,NaN,NaN,NA,NA
AL,2020-03-06,0,0,0,0,NaN,NaN,NaN,NA,NA
AL,2020-03-07,0,0,0,0,NaN,NaN,NaN,NA,NA
AL,2020-03-08,1,0,1,0,0,Inf,NaN,NA,NA
AL,2020-03-09,1,0,0,0,0,0,NaN,NA,NA
AL,2020-03-10,1,0,0,0,0,0,NaN,NA,NA
AL,2020-03-11,1,0,0,0,0,0,NaN,NA,NA
AL,2020-03-12,1,0,0,0,0,0,NaN,NA,NA
AL,2020-03-13,1,0,0,0,0,0,NaN,NA,NA
AL,2020-03-14,1,0,0,0,0,0,NaN,NA,NA
AL,2020-03-15,1,0,0,0,0,0,NaN,NA,NA
AL,2020-03-16,1,0,0,0,0,0,NaN,NA,NA
AL,2020-03-17,1,0,0,0,0,0,NaN,NA,NA
AL,2020-03-18,1,0,0,0,0,0,NaN,NA,NA
AL,2020-03-19,4,0,3,0,0,300,NaN,NA,NA
AL,2020-03-20,5,0,1,0,0,25,NaN,NA,NA
AL,2020-03-21,7,0,2,0,0,39.99999999999999,NaN,NA,NA
AL,2020-03-22,7,0,0,0,0,0,NaN,NA,NA
AL,2020-03-23,7,0,0,0,0,0,NaN,NA,NA
AL,2020-03-24,9,0,2,0,0,28.57142857142858,NaN,NA,NA
AL,2020-03-25,11,0,2,0,0,22.222222222222232,NaN,0,NA
AL,2020-03-26,11,0,0,0,0,0,NaN,1,NA
AL,2020-03-27,11,0,0,0,0,0,NaN,2,NA
AL,2020-03-28,14,0,3,0,0,27.27272727272727,NaN,3,NA
AL,2020-03-29,17,0,3,0,0,21.42857142857142,NaN,4,NA
AL,2020-03-30,17,0,0,0,0,0,NaN,5,NA
AL,2020-03-31,18,1,1,1,0.05555555555555555,5.882352941176472,Inf,6,NA
AL,2020-04-01,18,1,0,0,0.05555555555555555,0,0,7,NA
AL,2020-04-02,18,1,0,0,0.05555555555555555,0,0,8,NA
AL,2020-04-03,22,2,4,1,0.09090909090909091,22.222222222222232,100,9,NA
AL,2020-04-04,23,2,1,0,0.08695652173913043,4.545454545454541,0,10,NA
AL,2020-04-05,28,2,5,0,0.07142857142857142,21.739130434782616,0,11,NA
AL,2020-04-06,31,2,3,0,0.06451612903225806,10.71428571428572,0,12,NA
AL,2020-04-07,32,2,1,0,0.0625,3.2258064516129004,0,13,NA
AL,2020-04-08,37,2,5,0,0.05405405405405406,15.625,0,14,NA
AL,2020-04-09,37,3,0,1,0.08108108108108109,0,50,15,NA
AL,2020-04-10,45,3,8,0,0.06666666666666667,21.62162162162162,0,16,NA
AL,2020-04-11,48,3,3,0,0.0625,6.666666666666665,0,17,NA
AL,2020-04-12,48,3,0,0,0.0625,0,0,18,NA
AL,2020-04-13,50,3,2,0,0.06,4.166666666666674,0,19,NA
AL,2020-04-14,72,4,22,1,0.05555555555555555,43.99999999999999,33.33333333333333,20,NA
AL,2020-04-15,82,5,10,1,0.06097560975609756,13.888888888888884,25,21,NA
AL,2020-04-16,89,5,7,0,0.056179775280898875,8.536585365853666,0,22,NA
AL,2020-04-17,110,7,21,2,0.06363636363636363,23.59550561797752,39.99999999999999,23,0
AL,2020-04-18,132,7,22,0,0.05303030303030303,19.999999999999996,0,24,1
AL,2020-04-19,159,15,27,8,0.09433962264150944,20.45454545454546,114.28571428571428,25,2
AL,2020-04-20,171,18,12,3,0.10526315789473684,7.547169811320753,19.999999999999996,26,3
AL,2020-04-21,210,19,39,1,0.09047619047619047,22.807017543859654,5.555555555555558,27,4
AL,2020-04-22,243,20,33,1,0.0823045267489712,15.714285714285726,5.263157894736836,28,5
AL,2020-04-23,324,22,81,2,0.06790123456790123,33.33333333333333,10.000000000000009,29,6
AL,2020-04-24,413,27,89,5,0.06537530266343826,27.469135802469147,22.72727272727273,30,7
AL,2020-04-25,501,29,88,2,0.05788423153692615,21.307506053268767,7.407407407407418,31,8
AL,2020-04-26,554,32,53,3,0.05776173285198556,10.578842315369252,10.344827586206895,32,9
SE,2020-02-25,0,0,0,0,NaN,NaN,NaN,NA,NA
SE,2020-02-26,0,0,0,0,NaN,NaN,NaN,NA,NA
SE,2020-02-27,0,0,0,0,NaN,NaN,NaN,NA,NA
SE,2020-02-28,0,0,0,0,NaN,NaN,NaN,NA,NA
SE,2020-02-29,0,0,0,0,NaN,NaN,NaN,NA,NA
SE,2020-03-01,0,0,0,0,NaN,NaN,NaN,NA,NA
SE,2020-03-02,0,0,0,0,NaN,NaN,NaN,NA,NA
SE,2020-03-03,0,0,0,0,NaN,NaN,NaN,NA,NA
SE,2020-03-04,0,0,0,0,NaN,NaN,NaN,NA,NA
SE,2020-03-05,0,0,0,0,NaN,NaN,NaN,NA,NA
SE,2020-03-06,0,0,0,0,NaN,NaN,NaN,NA,NA
SE,2020-03-07,0,0,0,0,NaN,NaN,NaN,NA,NA
SE,2020-03-08,0,0,0,0,NaN,NaN,NaN,NA,NA
SE,2020-03-09,0,0,0,0,NaN,NaN,NaN,NA,NA
SE,2020-03-10,0,0,0,0,NaN,NaN,NaN,NA,NA
SE,2020-03-11,0,0,0,0,NaN,NaN,NaN,NA,NA
SE,2020-03-12,0,0,0,0,NaN,NaN,NaN,NA,NA
SE,2020-03-13,0,0,0,0,NaN,NaN,NaN,NA,NA
SE,2020-03-14,0,0,0,0,NaN,NaN,NaN,NA,NA
SE,2020-03-15,1,0,1,0,0,Inf,NaN,NA,NA
SE,2020-03-16,1,0,0,0,0,0,NaN,NA,NA
SE,2020-03-17,4,0,3,0,0,300,NaN,NA,NA
SE,2020-03-18,5,0,1,0,0,25,NaN,NA,NA
SE,2020-03-19,6,0,1,0,0,19.999999999999996,NaN,NA,NA
SE,2020-03-20,6,0,0,0,0,0,NaN,NA,NA
SE,2020-03-21,10,0,4,0,0,66.66666666666667,NaN,0,NA
SE,2020-03-22,10,0,0,0,0,0,NaN,1,NA
SE,2020-03-23,10,0,0,0,0,0,NaN,2,NA
SE,2020-03-24,15,0,5,0,0,50,NaN,3,NA
SE,2020-03-25,16,0,1,0,0,6.666666666666665,NaN,4,NA
SE,2020-03-26,16,0,0,0,0,0,NaN,5,NA
SE,2020-03-27,16,0,0,0,0,0,NaN,6,NA
SE,2020-03-28,16,0,0,0,0,0,NaN,7,NA
SE,2020-03-29,16,0,0,0,0,0,NaN,8,NA
SE,2020-03-30,16,0,0,0,0,0,NaN,9,NA
SE,2020-03-31,19,0,3,0,0,18.75,NaN,10,NA
SE,2020-04-01,20,0,1,0,0,5.263157894736836,NaN,11,NA
SE,2020-04-02,23,2,3,2,0.08695652173913043,14.999999999999991,Inf,12,NA
SE,2020-04-03,25,2,2,0,0.08,8.695652173913038,0,13,NA
SE,2020-04-04,27,2,2,0,0.07407407407407407,8.000000000000007,0,14,NA
SE,2020-04-05,32,3,5,1,0.09375,18.518518518518512,50,15,NA
SE,2020-04-06,32,4,0,1,0.125,0,33.33333333333333,16,NA
SE,2020-04-07,36,4,4,0,0.1111111111111111,12.5,0,17,NA
SE,2020-04-08,36,4,0,0,0.1111111111111111,0,0,18,NA
SE,2020-04-09,39,4,3,0,0.10256410256410256,8.333333333333325,0,19,NA
SE,2020-04-10,42,4,3,0,0.09523809523809523,7.692307692307687,0,20,NA
SE,2020-04-11,42,4,0,0,0.09523809523809523,0,0,21,NA
SE,2020-04-12,44,4,2,0,0.09090909090909091,4.761904761904767,0,22,NA
SE,2020-04-13,44,4,0,0,0.09090909090909091,0,0,23,NA
SE,2020-04-14,45,4,1,0,0.08888888888888889,2.2727272727272707,0,24,NA
SE,2020-04-15,46,4,1,0,0.08695652173913043,2.2222222222222143,0,25,NA
SE,2020-04-16,48,4,2,0,0.08333333333333333,4.347826086956519,0,26,NA
SE,2020-04-17,53,4,5,0,0.07547169811320754,10.416666666666675,0,27,NA
SE,2020-04-18,71,5,18,1,0.07042253521126761,33.96226415094339,25,28,NA
SE,2020-04-19,83,5,12,0,0.060240963855421686,16.901408450704224,0,29,NA
SE,2020-04-20,86,5,3,0,0.05813953488372093,3.6144578313253017,0,30,NA
SE,2020-04-21,92,5,6,0,0.05434782608695652,6.976744186046502,0,31,NA
SE,2020-04-22,117,7,25,2,0.05982905982905983,27.173913043478272,39.99999999999999,32,0
SE,2020-04-23,124,8,7,1,0.06451612903225806,5.982905982905984,14.28571428571428,33,1
SE,2020-04-24,144,8,20,0,0.05555555555555555,16.129032258064523,0,34,2
SE,2020-04-25,153,9,9,1,0.058823529411764705,6.25,12.5,35,3
SE,2020-04-26,159,9,6,0,0.05660377358490566,3.9215686274509887,0,36,4
BA,2020-02-25,0,0,0,0,NaN,NaN,NaN,NA,NA
BA,2020-02-26,0,0,0,0,NaN,NaN,NaN,NA,NA
BA,2020-02-27,0,0,0,0,NaN,NaN,NaN,NA,NA
BA,2020-02-28,0,0,0,0,NaN,NaN,NaN,NA,NA
BA,2020-02-29,0,0,0,0,NaN,NaN,NaN,NA,NA
BA,2020-03-01,0,0,0,0,NaN,NaN,NaN,NA,NA
BA,2020-03-02,0,0,0,0,NaN,NaN,NaN,NA,NA
BA,2020-03-03,0,0,0,0,NaN,NaN,NaN,NA,NA
BA,2020-03-04,0,0,0,0,NaN,NaN,NaN,NA,NA
BA,2020-03-05,0,0,0,0,NaN,NaN,NaN,NA,NA
BA,2020-03-06,1,0,1,0,0,Inf,NaN,NA,NA
BA,2020-03-07,2,0,1,0,0,100,NaN,NA,NA
BA,2020-03-08,2,0,0,0,0,0,NaN,NA,NA
BA,2020-03-09,2,0,0,0,0,0,NaN,NA,NA
BA,2020-03-10,2,0,0,0,0,0,NaN,NA,NA
BA,2020-03-11,2,0,0,0,0,0,NaN,NA,NA
BA,2020-03-12,2,0,0,0,0,0,NaN,NA,NA
BA,2020-03-13,2,0,0,0,0,0,NaN,NA,NA
BA,2020-03-14,2,0,0,0,0,0,NaN,NA,NA
BA,2020-03-15,2,0,0,0,0,0,NaN,NA,NA
BA,2020-03-16,2,0,0,0,0,0,NaN,NA,NA
BA,2020-03-17,3,0,1,0,0,50,NaN,NA,NA
BA,2020-03-18,3,0,0,0,0,0,NaN,NA,NA
BA,2020-03-19,30,0,27,0,0,900,NaN,0,NA
BA,2020-03-20,33,0,3,0,0,10.000000000000009,NaN,1,NA
BA,2020-03-21,41,0,8,0,0,24.242424242424242,NaN,2,NA
BA,2020-03-22,49,0,8,0,0,19.512195121951216,NaN,3,NA
BA,2020-03-23,63,0,14,0,0,28.57142857142858,NaN,4,NA
BA,2020-03-24,76,0,13,0,0,20.63492063492063,NaN,5,NA
BA,2020-03-25,84,0,8,0,0,10.526315789473696,NaN,6,NA
BA,2020-03-26,104,0,20,0,0,23.809523809523814,NaN,7,0
BA,2020-03-27,115,0,11,0,0,10.576923076923084,NaN,8,1
BA,2020-03-28,127,0,12,0,0,10.43478260869566,NaN,9,2
BA,2020-03-29,154,1,27,1,0.006493506493506494,21.259842519685044,Inf,10,3
BA,2020-03-30,176,1,22,0,0.005681818181818182,14.28571428571428,0,11,4
BA,2020-03-31,213,2,37,1,0.009389671361502348,21.02272727272727,100,12,5
BA,2020-04-01,246,2,33,0,0.008130081300813009,15.492957746478876,0,13,6
BA,2020-04-02,267,3,21,1,0.011235955056179775,8.536585365853666,50,14,7
BA,2020-04-03,282,5,15,2,0.01773049645390071,5.617977528089879,66.66666666666667,15,8
BA,2020-04-04,332,7,50,2,0.02108433734939759,17.730496453900702,39.99999999999999,16,9
BA,2020-04-05,401,9,69,2,0.022443890274314215,20.783132530120476,28.57142857142858,17,10
BA,2020-04-06,431,10,30,1,0.02320185614849188,7.4812967581047385,11.111111111111116,18,11
BA,2020-04-07,456,12,25,2,0.02631578947368421,5.8004640371229765,19.999999999999996,19,12
BA,2020-04-08,497,15,41,3,0.030181086519114688,8.991228070175428,25,20,13
BA,2020-04-09,559,19,62,4,0.03398926654740608,12.474849094567396,26.66666666666666,21,14
BA,2020-04-10,604,19,45,0,0.03145695364238411,8.05008944543828,0,22,15
BA,2020-04-11,635,21,31,2,0.03307086614173228,5.132450331125837,10.526315789473696,23,16
BA,2020-04-12,673,21,38,0,0.031203566121842496,5.98425196850394,0,24,17
BA,2020-04-13,723,22,50,1,0.030428769017980636,7.42942050520059,4.761904761904767,25,18
BA,2020-04-14,759,22,36,0,0.028985507246376812,4.9792531120331995,0,26,19
BA,2020-04-15,807,27,48,5,0.03345724907063197,6.324110671936767,22.72727272727273,27,20
BA,2020-04-16,951,30,144,3,0.031545741324921134,17.843866171003707,11.111111111111116,28,21
BA,2020-04-17,1059,36,108,6,0.0339943342776204,11.356466876971606,19.999999999999996,29,22
BA,2020-04-18,1193,37,134,1,0.03101424979044426,12.65344664778092,2.777777777777768,30,23
BA,2020-04-19,1230,45,37,8,0.036585365853658534,3.1014249790444204,21.62162162162162,31,24
BA,2020-04-20,1341,46,111,1,0.0343027591349739,9.024390243902447,2.2222222222222143,32,25
BA,2020-04-21,1489,47,148,1,0.0315648085963734,11.036539895600296,2.1739130434782705,33,26
BA,2020-04-22,1644,50,155,3,0.030413625304136254,10.409670920080583,6.382978723404253,34,27
BA,2020-04-23,1789,59,145,9,0.03297931805477921,8.819951338199505,17.999999999999993,35,28
BA,2020-04-24,1962,64,173,5,0.0326197757390418,9.67020681945221,8.47457627118644,36,29
BA,2020-04-25,2081,70,119,6,0.03363767419509851,6.0652395514780855,9.375,37,30
BA,2020-04-26,2209,73,128,3,0.033046627433227706,6.150888995675152,4.285714285714293,38,31
MG,2020-02-25,0,0,0,0,NaN,NaN,NaN,NA,NA
MG,2020-02-26,0,0,0,0,NaN,NaN,NaN,NA,NA
MG,2020-02-27,0,0,0,0,NaN,NaN,NaN,NA,NA
MG,2020-02-28,0,0,0,0,NaN,NaN,NaN,NA,NA
MG,2020-02-29,0,0,0,0,NaN,NaN,NaN,NA,NA
MG,2020-03-01,0,0,0,0,NaN,NaN,NaN,NA,NA
MG,2020-03-02,0,0,0,0,NaN,NaN,NaN,NA,NA
MG,2020-03-03,0,0,0,0,NaN,NaN,NaN,NA,NA
MG,2020-03-04,0,0,0,0,NaN,NaN,NaN,NA,NA
MG,2020-03-05,0,0,0,0,NaN,NaN,NaN,NA,NA
MG,2020-03-06,0,0,0,0,NaN,NaN,NaN,NA,NA
MG,2020-03-07,0,0,0,0,NaN,NaN,NaN,NA,NA
MG,2020-03-08,1,0,1,0,0,Inf,NaN,NA,NA
MG,2020-03-09,1,0,0,0,0,0,NaN,NA,NA
MG,2020-03-10,1,0,0,0,0,0,NaN,NA,NA
MG,2020-03-11,1,0,0,0,0,0,NaN,NA,NA
MG,2020-03-12,1,0,0,0,0,0,NaN,NA,NA
MG,2020-03-13,2,0,1,0,0,100,NaN,NA,NA
MG,2020-03-14,2,0,0,0,0,0,NaN,NA,NA
MG,2020-03-15,2,0,0,0,0,0,NaN,NA,NA
MG,2020-03-16,5,0,3,0,0,150,NaN,NA,NA
MG,2020-03-17,7,0,2,0,0,39.99999999999999,NaN,NA,NA
MG,2020-03-18,15,0,8,0,0,114.28571428571428,NaN,0,NA
MG,2020-03-19,29,0,14,0,0,93.33333333333333,NaN,1,NA
MG,2020-03-20,35,0,6,0,0,20.68965517241379,NaN,2,NA
MG,2020-03-21,38,0,3,0,0,8.571428571428562,NaN,3,NA
MG,2020-03-22,83,0,45,0,0,118.42105263157893,NaN,4,NA
MG,2020-03-23,128,0,45,0,0,54.216867469879524,NaN,5,0
MG,2020-03-24,130,0,2,0,0,1.5625,NaN,6,1
MG,2020-03-25,133,0,3,0,0,2.3076923076922995,NaN,7,2
MG,2020-03-26,153,0,20,0,0,15.037593984962406,NaN,8,3
MG,2020-03-27,189,0,36,0,0,23.529411764705888,NaN,9,4
MG,2020-03-28,205,0,16,0,0,8.465608465608465,NaN,10,5
MG,2020-03-29,231,0,26,0,0,12.682926829268283,NaN,11,6
MG,2020-03-30,261,1,30,1,0.0038314176245210726,12.987012987012992,Inf,12,7
MG,2020-03-31,275,2,14,1,0.007272727272727273,5.363984674329503,100,13,8
MG,2020-04-01,314,3,39,1,0.009554140127388535,14.181818181818183,50,14,9
MG,2020-04-02,370,4,56,1,0.010810810810810811,17.834394904458595,33.33333333333333,15,10
MG,2020-04-03,397,6,27,2,0.015113350125944584,7.297297297297289,50,16,11
MG,2020-04-04,430,6,33,0,0.013953488372093023,8.312342569269514,0,17,12
MG,2020-04-05,498,6,68,0,0.012048192771084338,15.81395348837209,0,18,13
MG,2020-04-06,525,9,27,3,0.017142857142857144,5.421686746987953,50,19,14
MG,2020-04-07,559,11,34,2,0.01967799642218247,6.47619047619048,22.222222222222232,20,15
MG,2020-04-08,614,14,55,3,0.02280130293159609,9.838998211091244,27.27272727272727,21,16
MG,2020-04-09,655,15,41,1,0.022900763358778626,6.67752442996743,7.14285714285714,22,17
MG,2020-04-10,698,17,43,2,0.024355300859598854,6.564885496183215,13.33333333333333,23,18
MG,2020-04-11,750,17,52,0,0.02266666666666667,7.449856733524363,0,24,19
MG,2020-04-12,806,20,56,3,0.02481389578163772,7.466666666666666,17.647058823529417,25,20
MG,2020-04-13,815,23,9,3,0.02822085889570552,1.1166253101736912,14.999999999999991,26,21
MG,2020-04-14,884,27,69,4,0.030542986425339366,8.466257668711652,17.391304347826097,27,22
MG,2020-04-15,903,30,19,3,0.03322259136212625,2.149321266968318,11.111111111111116,28,23
MG,2020-04-16,958,33,55,3,0.03444676409185804,6.0908084163898035,10.000000000000009,29,24
MG,2020-04-17,1021,35,63,2,0.034280117531831536,6.576200417536526,6.060606060606055,30,25
MG,2020-04-18,1077,39,56,4,0.036211699164345405,5.484818805093039,11.428571428571432,31,26
MG,2020-04-19,1154,39,77,0,0.033795493934142114,7.1494893221912825,0,32,27
MG,2020-04-20,1189,41,35,2,0.034482758620689655,3.0329289428076223,5.128205128205132,33,28
MG,2020-04-21,1230,44,41,3,0.03577235772357724,3.4482758620689724,7.317073170731714,34,29
MG,2020-04-22,1283,47,53,3,0.036632891660171474,4.308943089430883,6.818181818181812,35,30
MG,2020-04-23,1308,51,25,4,0.0389908256880734,1.9485580670304037,8.51063829787233,36,31
MG,2020-04-24,1419,54,111,3,0.03805496828752643,8.486238532110102,5.882352941176472,37,32
MG,2020-04-25,1481,58,62,4,0.03916272788656313,4.369274136715995,7.407407407407418,38,33
MG,2020-04-26,1548,61,67,3,0.03940568475452196,4.52397029034437,5.1724137931034475,39,34
ES,2020-02-25,0,0,0,0,NaN,NaN,NaN,NA,NA
ES,2020-02-26,0,0,0,0,NaN,NaN,NaN,NA,NA
ES,2020-02-27,0,0,0,0,NaN,NaN,NaN,NA,NA
ES,2020-02-28,0,0,0,0,NaN,NaN,NaN,NA,NA
ES,2020-02-29,0,0,0,0,NaN,NaN,NaN,NA,NA
ES,2020-03-01,0,0,0,0,NaN,NaN,NaN,NA,NA
ES,2020-03-02,0,0,0,0,NaN,NaN,NaN,NA,NA
ES,2020-03-03,0,0,0,0,NaN,NaN,NaN,NA,NA
ES,2020-03-04,0,0,0,0,NaN,NaN,NaN,NA,NA
ES,2020-03-05,0,0,0,0,NaN,NaN,NaN,NA,NA
ES,2020-03-06,1,0,1,0,0,Inf,NaN,NA,NA
ES,2020-03-07,1,0,0,0,0,0,NaN,NA,NA
ES,2020-03-08,1,0,0,0,0,0,NaN,NA,NA
ES,2020-03-09,1,0,0,0,0,0,NaN,NA,NA
ES,2020-03-10,1,0,0,0,0,0,NaN,NA,NA
ES,2020-03-11,1,0,0,0,0,0,NaN,NA,NA
ES,2020-03-12,1,0,0,0,0,0,NaN,NA,NA
ES,2020-03-13,1,0,0,0,0,0,NaN,NA,NA
ES,2020-03-14,1,0,0,0,0,0,NaN,NA,NA
ES,2020-03-15,1,0,0,0,0,0,NaN,NA,NA
ES,2020-03-16,1,0,0,0,0,0,NaN,NA,NA
ES,2020-03-17,1,0,0,0,0,0,NaN,NA,NA
ES,2020-03-18,9,0,8,0,0,800,NaN,NA,NA
ES,2020-03-19,11,0,2,0,0,22.222222222222232,NaN,0,NA
ES,2020-03-20,13,0,2,0,0,18.181818181818187,NaN,1,NA
ES,2020-03-21,26,0,13,0,0,100,NaN,2,NA
ES,2020-03-22,26,0,0,0,0,0,NaN,3,NA
ES,2020-03-23,29,0,3,0,0,11.538461538461542,NaN,4,NA
ES,2020-03-24,33,0,4,0,0,13.793103448275868,NaN,5,NA
ES,2020-03-25,39,0,6,0,0,18.181818181818187,NaN,6,NA
ES,2020-03-26,39,0,0,0,0,0,NaN,7,NA
ES,2020-03-27,47,0,8,0,0,20.512820512820507,NaN,8,NA
ES,2020-03-28,53,0,6,0,0,12.765957446808507,NaN,9,NA
ES,2020-03-29,60,0,7,0,0,13.207547169811317,NaN,10,NA
ES,2020-03-30,72,0,12,0,0,19.999999999999996,NaN,11,NA
ES,2020-03-31,84,0,12,0,0,16.666666666666675,NaN,12,NA
ES,2020-04-01,96,0,12,0,0,14.28571428571428,NaN,13,NA
ES,2020-04-02,120,1,24,1,0.008333333333333333,25,Inf,14,0
ES,2020-04-03,139,4,19,3,0.02877697841726619,15.833333333333343,300,15,1
ES,2020-04-04,153,5,14,1,0.032679738562091505,10.07194244604317,25,16,2
ES,2020-04-05,166,6,13,1,0.03614457831325301,8.496732026143782,19.999999999999996,17,3
ES,2020-04-06,194,6,28,0,0.030927835051546393,16.867469879518083,0,18,4
ES,2020-04-07,209,6,15,0,0.028708133971291867,7.731958762886593,0,19,5
ES,2020-04-08,227,6,18,0,0.02643171806167401,8.61244019138756,0,20,6
ES,2020-04-09,273,6,46,0,0.02197802197802198,20.264317180616743,0,21,7
ES,2020-04-10,300,7,27,1,0.023333333333333334,9.8901098901099,16.666666666666675,22,8
ES,2020-04-11,349,9,49,2,0.025787965616045846,16.333333333333332,28.57142857142858,23,9
ES,2020-04-12,383,9,34,0,0.02349869451697128,9.742120343839545,0,24,10
ES,2020-04-13,430,14,47,5,0.03255813953488372,12.271540469973896,55.55555555555556,25,11
ES,2020-04-14,463,17,33,3,0.0367170626349892,7.6744186046511675,21.42857142857142,26,12
ES,2020-04-15,557,18,94,1,0.03231597845601436,20.302375809935214,5.882352941176472,27,13
ES,2020-04-16,754,22,197,4,0.029177718832891247,35.36804308797128,22.222222222222232,28,14
ES,2020-04-17,856,25,102,3,0.029205607476635514,13.52785145888593,13.636363636363647,29,15
ES,2020-04-18,952,28,96,3,0.029411764705882353,11.214953271028039,12.00000000000001,30,16
ES,2020-04-19,1099,30,147,2,0.0272975432211101,15.441176470588225,7.14285714285714,31,17
ES,2020-04-20,1168,33,69,3,0.028253424657534245,6.278434940855315,10.000000000000009,32,18
ES,2020-04-21,1212,34,44,1,0.028052805280528052,3.767123287671237,3.0303030303030276,33,19
ES,2020-04-22,1313,34,101,0,0.025894897182025894,8.333333333333325,0,34,20
ES,2020-04-23,1363,42,50,8,0.030814380044020543,3.8080731150038183,23.529411764705888,35,21
ES,2020-04-24,1381,42,18,0,0.03041274438812455,1.3206162876008731,0,36,22
ES,2020-04-25,1595,47,214,5,0.02946708463949843,15.49601737871107,11.904761904761907,37,23
ES,2020-04-26,1703,51,108,4,0.029947152084556665,6.771159874608146,8.51063829787233,38,24
RJ,2020-02-25,0,0,0,0,NaN,NaN,NaN,NA,NA
RJ,2020-02-26,0,0,0,0,NaN,NaN,NaN,NA,NA
RJ,2020-02-27,0,0,0,0,NaN,NaN,NaN,NA,NA
RJ,2020-02-28,0,0,0,0,NaN,NaN,NaN,NA,NA
RJ,2020-02-29,0,0,0,0,NaN,NaN,NaN,NA,NA
RJ,2020-03-01,0,0,0,0,NaN,NaN,NaN,NA,NA
RJ,2020-03-02,0,0,0,0,NaN,NaN,NaN,NA,NA
RJ,2020-03-03,0,0,0,0,NaN,NaN,NaN,NA,NA
RJ,2020-03-04,0,0,0,0,NaN,NaN,NaN,NA,NA
RJ,2020-03-05,1,0,1,0,0,Inf,NaN,NA,NA
RJ,2020-03-06,1,0,0,0,0,0,NaN,NA,NA
RJ,2020-03-07,2,0,1,0,0,100,NaN,NA,NA
RJ,2020-03-08,3,0,1,0,0,50,NaN,NA,NA
RJ,2020-03-09,3,0,0,0,0,0,NaN,NA,NA
RJ,2020-03-10,8,0,5,0,0,166.66666666666666,NaN,NA,NA
RJ,2020-03-11,13,0,5,0,0,62.5,NaN,0,NA
RJ,2020-03-12,16,0,3,0,0,23.076923076923084,NaN,1,NA
RJ,2020-03-13,16,0,0,0,0,0,NaN,2,NA
RJ,2020-03-14,22,0,6,0,0,37.5,NaN,3,NA
RJ,2020-03-15,24,0,2,0,0,9.090909090909083,NaN,4,NA
RJ,2020-03-16,31,0,7,0,0,29.166666666666675,NaN,5,NA
RJ,2020-03-17,33,0,2,0,0,6.451612903225801,NaN,6,NA
RJ,2020-03-18,45,0,12,0,0,36.36363636363635,NaN,7,NA
RJ,2020-03-19,65,2,20,2,0.03076923076923077,44.44444444444444,Inf,8,NA
RJ,2020-03-20,109,2,44,0,0.01834862385321101,67.6923076923077,0,9,0
RJ,2020-03-21,119,3,10,1,0.025210084033613446,9.174311926605494,50,10,1
RJ,2020-03-22,186,3,67,0,0.016129032258064516,56.30252100840336,0,11,2
RJ,2020-03-23,233,4,47,1,0.017167381974248927,25.268817204301076,33.33333333333333,12,3
RJ,2020-03-24,305,6,72,2,0.019672131147540985,30.90128755364807,50,13,4
RJ,2020-03-25,370,6,65,0,0.016216216216216217,21.311475409836067,0,14,5
RJ,2020-03-26,421,9,51,3,0.021377672209026127,13.783783783783775,50,15,6
RJ,2020-03-27,493,10,72,1,0.02028397565922921,17.102137767220892,11.111111111111116,16,7
RJ,2020-03-28,558,13,65,3,0.023297491039426525,13.184584178498993,30.000000000000004,17,8
RJ,2020-03-29,600,17,42,4,0.028333333333333332,7.526881720430101,30.76923076923077,18,9
RJ,2020-03-30,657,18,57,1,0.0273972602739726,9.499999999999996,5.882352941176472,19,10
RJ,2020-03-31,708,23,51,5,0.03248587570621469,7.762557077625565,27.777777777777768,20,11
RJ,2020-04-01,832,28,124,5,0.03365384615384615,17.514124293785315,21.739130434782616,21,12
RJ,2020-04-02,992,41,160,13,0.04133064516129032,19.23076923076923,46.428571428571416,22,13
RJ,2020-04-03,1074,47,82,6,0.043761638733705775,8.266129032258075,14.634146341463406,23,14
RJ,2020-04-04,1246,58,172,11,0.04654895666131621,16.014897579143383,23.404255319148938,24,15
RJ,2020-04-05,1394,64,148,6,0.04591104734576758,11.878009630818621,10.344827586206895,25,16
RJ,2020-04-06,1461,71,67,7,0.0485968514715948,4.806312769010046,10.9375,26,17
RJ,2020-04-07,1688,89,227,18,0.052725118483412325,15.537303216974685,25.35211267605635,27,18
RJ,2020-04-08,1938,106,250,17,0.054695562435500514,14.81042654028435,19.10112359550562,28,19
RJ,2020-04-09,2216,122,278,16,0.055054151624548735,14.344685242518063,15.094339622641506,29,20
RJ,2020-04-10,2464,147,248,25,0.05965909090909091,11.191335740072205,20.491803278688515,30,21
RJ,2020-04-11,2607,155,143,8,0.05945531261986958,5.803571428571419,5.442176870748305,31,22
RJ,2020-04-12,2855,170,248,15,0.0595446584938704,9.512850019179142,9.677419354838701,32,23
RJ,2020-04-13,3231,188,376,18,0.05818632002476014,13.169877408056042,10.588235294117654,33,24
RJ,2020-04-14,3410,224,179,36,0.0656891495601173,5.540080470442588,19.14893617021276,34,25
RJ,2020-04-15,3743,265,333,41,0.07079882447234838,9.765395894428153,18.30357142857142,35,26
RJ,2020-04-16,3944,300,201,35,0.07606490872210954,5.370024044883781,13.207547169811317,36,27
RJ,2020-04-17,4349,341,405,41,0.07840882961600368,10.268762677484776,13.666666666666671,37,28
RJ,2020-04-18,4543,387,194,46,0.08518600044023773,4.46079558519199,13.489736070381241,38,29
RJ,2020-04-19,4765,402,222,15,0.08436516264428122,4.886638784943864,3.875968992248069,39,30
RJ,2020-04-20,4899,422,134,20,0.08614002857726066,2.812172088142706,4.975124378109452,40,31
RJ,2020-04-21,5306,461,407,39,0.08688277421786657,8.307817922024906,9.241706161137442,41,32
RJ,2020-04-22,5552,490,246,29,0.0882564841498559,4.636260836788542,6.290672451193058,42,33
RJ,2020-04-23,6172,530,620,40,0.08587167854828257,11.167146974063403,8.163265306122458,43,34
RJ,2020-04-24,6282,570,110,40,0.09073543457497613,1.782242384964361,7.547169811320753,44,35
RJ,2020-04-25,6828,615,546,45,0.09007029876977153,8.691499522445078,7.8947368421052655,45,36
RJ,2020-04-26,7111,645,283,30,0.09070454225847278,4.144698301113059,4.878048780487809,46,37
SP,2020-02-25,0,0,0,0,NaN,NaN,NaN,NA,NA
SP,2020-02-26,1,0,1,0,0,Inf,NaN,NA,NA
SP,2020-02-27,1,0,0,0,0,0,NaN,NA,NA
SP,2020-02-28,1,0,0,0,0,0,NaN,NA,NA
SP,2020-02-29,2,0,1,0,0,100,NaN,NA,NA
SP,2020-03-01,2,0,0,0,0,0,NaN,NA,NA
SP,2020-03-02,2,0,0,0,0,0,NaN,NA,NA
SP,2020-03-03,2,0,0,0,0,0,NaN,NA,NA
SP,2020-03-04,3,0,1,0,0,50,NaN,NA,NA
SP,2020-03-05,6,0,3,0,0,100,NaN,NA,NA
SP,2020-03-06,10,0,4,0,0,66.66666666666667,NaN,0,NA
SP,2020-03-07,13,0,3,0,0,30.000000000000004,NaN,1,NA
SP,2020-03-08,16,0,3,0,0,23.076923076923084,NaN,2,NA
SP,2020-03-09,16,0,0,0,0,0,NaN,3,NA
SP,2020-03-10,19,0,3,0,0,18.75,NaN,4,NA
SP,2020-03-11,30,0,11,0,0,57.89473684210527,NaN,5,NA
SP,2020-03-12,42,0,12,0,0,39.99999999999999,NaN,6,NA
SP,2020-03-13,56,0,14,0,0,33.33333333333333,NaN,7,NA
SP,2020-03-14,65,0,9,0,0,16.07142857142858,NaN,8,NA
SP,2020-03-15,136,0,71,0,0,109.23076923076924,NaN,9,0
SP,2020-03-16,152,0,16,0,0,11.764705882352944,NaN,10,1
SP,2020-03-17,164,1,12,1,0.006097560975609756,7.8947368421052655,Inf,11,2
SP,2020-03-18,240,4,76,3,0.016666666666666666,46.34146341463414,300,12,3
SP,2020-03-19,286,4,46,0,0.013986013986013986,19.166666666666664,0,13,4
SP,2020-03-20,396,9,110,5,0.022727272727272728,38.46153846153846,125,14,5
SP,2020-03-21,459,15,63,6,0.032679738562091505,15.909090909090917,66.66666666666667,15,6
SP,2020-03-22,631,22,172,7,0.03486529318541997,37.47276688453158,46.66666666666666,16,7
SP,2020-03-23,745,30,114,8,0.040268456375838924,18.066561014263073,36.36363636363635,17,8
SP,2020-03-24,810,40,65,10,0.04938271604938271,8.7248322147651,33.33333333333333,18,9
SP,2020-03-25,862,48,52,8,0.05568445475638051,6.419753086419755,19.999999999999996,19,10
SP,2020-03-26,1052,58,190,10,0.055133079847908745,22.041763341067288,20.833333333333325,20,11
SP,2020-03-27,1223,68,171,10,0.05560098119378577,16.25475285171103,17.24137931034482,21,12
SP,2020-03-28,1406,84,183,16,0.059743954480796585,14.963205233033516,23.529411764705888,22,13
SP,2020-03-29,1451,98,45,14,0.06753962784286699,3.200568990042685,16.666666666666675,23,14
SP,2020-03-30,1517,113,66,15,0.07448912326961107,4.548587181254304,15.306122448979597,24,15
SP,2020-03-31,2339,136,822,23,0.05814450619923044,54.18589321028347,20.353982300884965,25,16
SP,2020-04-01,2981,164,642,28,0.05501509560550151,27.447627191107316,20.58823529411764,26,17
SP,2020-04-02,3506,188,525,24,0.05362236166571591,17.61153975176115,14.634146341463406,27,18
SP,2020-04-03,4048,219,542,31,0.05410079051383399,15.459212778094699,16.48936170212767,28,19
SP,2020-04-04,4466,260,418,41,0.05821764442454098,10.32608695652173,18.721461187214604,29,20
SP,2020-04-05,4620,275,154,15,0.05952380952380952,3.4482758620689724,5.769230769230771,30,21
SP,2020-04-06,4866,304,246,29,0.06247431154952733,5.324675324675332,10.545454545454547,31,22
SP,2020-04-07,5682,371,816,67,0.06529391059486096,16.76942046855734,22.03947368421053,32,23
SP,2020-04-08,6708,428,1026,57,0.06380441264162194,18.057022175290392,15.363881401617242,33,24
SP,2020-04-09,7480,496,772,68,0.06631016042780749,11.508646392367329,15.88785046728971,34,25
SP,2020-04-10,8216,540,736,44,0.06572541382667965,9.83957219251337,8.870967741935477,35,26
SP,2020-04-11,8419,560,203,20,0.06651621332699846,2.4707887049659094,3.703703703703698,36,27
SP,2020-04-12,8755,588,336,28,0.06716162193032553,3.9909727996199074,5.000000000000004,37,28
SP,2020-04-13,8895,608,140,20,0.06835300730747611,1.59908623643632,3.401360544217691,38,29
SP,2020-04-14,9371,695,476,87,0.0741649770568776,5.351320966835305,14.309210526315796,39,30
SP,2020-04-15,11043,778,1672,83,0.07045186996287241,17.84227937253229,11.942446043165479,40,31
SP,2020-04-16,11568,853,525,75,0.07373789764868603,4.754142895952196,9.640102827763485,41,32
SP,2020-04-17,12841,928,1273,75,0.07226851491316875,11.00449515905948,8.792497069167649,42,33
SP,2020-04-18,13894,991,1053,63,0.07132575212321865,8.20029592710847,6.788793103448265,43,34
SP,2020-04-19,14267,1015,373,24,0.07114319758884138,2.684612062760894,2.4217961654894093,44,35
SP,2020-04-20,14580,1037,313,22,0.07112482853223594,2.1938739749071345,2.1674876847290747,45,36
SP,2020-04-21,15385,1093,805,56,0.07104322391940202,5.521262002743477,5.400192864030862,46,37
SP,2020-04-22,15914,1134,529,41,0.07125801181349754,3.438414039649018,3.751143641354071,47,38
SP,2020-04-23,16740,1345,826,211,0.08034647550776583,5.1903983913535345,18.606701940035265,48,39
SP,2020-04-24,17826,1512,1086,167,0.0848199259508583,6.487455197132608,12.416356877323409,49,40
SP,2020-04-25,20004,1667,2178,155,0.08333333333333333,12.21810838101649,10.251322751322745,50,41
SP,2020-04-26,20715,1700,711,33,0.08206613565049481,3.554289142171574,1.9796040791841607,51,42
PR,2020-02-25,0,0,0,0,NaN,NaN,NaN,NA,NA
PR,2020-02-26,0,0,0,0,NaN,NaN,NaN,NA,NA
PR,2020-02-27,0,0,0,0,NaN,NaN,NaN,NA,NA
PR,2020-02-28,0,0,0,0,NaN,NaN,NaN,NA,NA
PR,2020-02-29,0,0,0,0,NaN,NaN,NaN,NA,NA
PR,2020-03-01,0,0,0,0,NaN,NaN,NaN,NA,NA
PR,2020-03-02,0,0,0,0,NaN,NaN,NaN,NA,NA
PR,2020-03-03,0,0,0,0,NaN,NaN,NaN,NA,NA
PR,2020-03-04,0,0,0,0,NaN,NaN,NaN,NA,NA
PR,2020-03-05,0,0,0,0,NaN,NaN,NaN,NA,NA
PR,2020-03-06,0,0,0,0,NaN,NaN,NaN,NA,NA
PR,2020-03-07,0,0,0,0,NaN,NaN,NaN,NA,NA
PR,2020-03-08,0,0,0,0,NaN,NaN,NaN,NA,NA
PR,2020-03-09,0,0,0,0,NaN,NaN,NaN,NA,NA
PR,2020-03-10,0,0,0,0,NaN,NaN,NaN,NA,NA
PR,2020-03-11,0,0,0,0,NaN,NaN,NaN,NA,NA
PR,2020-03-12,6,0,6,0,0,Inf,NaN,NA,NA
PR,2020-03-13,6,0,0,0,0,0,NaN,NA,NA
PR,2020-03-14,6,0,0,0,0,0,NaN,NA,NA
PR,2020-03-15,6,0,0,0,0,0,NaN,NA,NA
PR,2020-03-16,6,0,0,0,0,0,NaN,NA,NA
PR,2020-03-17,6,0,0,0,0,0,NaN,NA,NA
PR,2020-03-18,13,0,7,0,0,116.66666666666666,NaN,0,NA
PR,2020-03-19,23,0,10,0,0,76.92307692307692,NaN,1,NA
PR,2020-03-20,32,0,9,0,0,39.13043478260869,NaN,2,NA
PR,2020-03-21,43,0,11,0,0,34.375,NaN,3,NA
PR,2020-03-22,50,0,7,0,0,16.279069767441868,NaN,4,NA
PR,2020-03-23,56,0,6,0,0,12.00000000000001,NaN,5,NA
PR,2020-03-24,65,0,9,0,0,16.07142857142858,NaN,6,NA
PR,2020-03-25,81,0,16,0,0,24.615384615384617,NaN,7,NA
PR,2020-03-26,102,0,21,0,0,25.92592592592593,NaN,8,0
PR,2020-03-27,119,2,17,2,0.01680672268907563,16.666666666666675,Inf,9,1
PR,2020-03-28,133,2,14,0,0.015037593984962405,11.764705882352944,0,10,2
PR,2020-03-29,148,2,15,0,0.013513513513513514,11.2781954887218,0,11,3
PR,2020-03-30,155,3,7,1,0.01935483870967742,4.729729729729737,50,12,4
PR,2020-03-31,179,3,24,0,0.01675977653631285,15.48387096774193,0,13,5
PR,2020-04-01,224,3,45,0,0.013392857142857142,25.139664804469277,0,14,6
PR,2020-04-02,252,4,28,1,0.015873015873015872,12.5,33.33333333333333,15,7
PR,2020-04-03,301,4,49,0,0.013289036544850499,19.444444444444443,0,16,8
PR,2020-04-04,395,6,94,2,0.015189873417721518,31.229235880398676,50,17,9
PR,2020-04-05,438,9,43,3,0.02054794520547945,10.88607594936708,50,18,10
PR,2020-04-06,458,11,20,2,0.024017467248908297,4.566210045662111,22.222222222222232,19,11
PR,2020-04-07,503,15,45,4,0.02982107355864811,9.825327510917026,36.36363636363635,20,12
PR,2020-04-08,539,17,36,2,0.03153988868274583,7.157057654075549,13.33333333333333,21,13
PR,2020-04-09,609,22,70,5,0.0361247947454844,12.987012987012992,29.41176470588236,22,14
PR,2020-04-10,643,25,34,3,0.038880248833592534,5.582922824302128,13.636363636363647,23,15
PR,2020-04-11,676,26,33,1,0.038461538461538464,5.1321928460342114,4.0000000000000036,24,16
PR,2020-04-12,738,30,62,4,0.04065040650406504,9.171597633136086,15.384615384615374,25,17
PR,2020-04-13,756,31,18,1,0.041005291005291,2.4390243902439046,3.3333333333333437,26,18
PR,2020-04-14,791,36,35,5,0.045512010113780026,4.629629629629628,16.129032258064523,27,19
PR,2020-04-15,803,38,12,2,0.047322540473225407,1.5170670037926604,5.555555555555558,28,20
PR,2020-04-16,832,41,29,3,0.04927884615384615,3.6114570361145626,7.8947368421052655,29,21
PR,2020-04-17,874,42,42,1,0.04805491990846682,5.048076923076916,2.4390243902439046,30,22
PR,2020-04-18,945,46,71,4,0.04867724867724868,8.123569794050333,9.523809523809534,31,23
PR,2020-04-19,987,48,42,2,0.0486322188449848,4.444444444444451,4.347826086956519,32,24
PR,2020-04-20,1007,51,20,3,0.0506454816285998,2.0263424518743633,6.25,33,25
PR,2020-04-21,1024,51,17,0,0.0498046875,1.688182720953324,0,34,26
PR,2020-04-22,1063,57,39,6,0.053621825023518345,3.80859375,11.764705882352944,35,27
PR,2020-04-23,1082,60,19,3,0.05545286506469501,1.7873941674506177,5.263157894736836,36,28
PR,2020-04-24,1119,64,37,4,0.05719392314566577,3.419593345656202,6.666666666666665,37,29
PR,2020-04-25,1140,69,21,5,0.060526315789473685,1.8766756032171594,7.8125,38,30
PR,2020-04-26,1156,72,16,3,0.06228373702422145,1.403508771929829,4.347826086956519,39,31
SC,2020-02-25,0,0,0,0,NaN,NaN,NaN,NA,NA
SC,2020-02-26,0,0,0,0,NaN,NaN,NaN,NA,NA
SC,2020-02-27,0,0,0,0,NaN,NaN,NaN,NA,NA
SC,2020-02-28,0,0,0,0,NaN,NaN,NaN,NA,NA
SC,2020-02-29,0,0,0,0,NaN,NaN,NaN,NA,NA
SC,2020-03-01,0,0,0,0,NaN,NaN,NaN,NA,NA
SC,2020-03-02,0,0,0,0,NaN,NaN,NaN,NA,NA
SC,2020-03-03,0,0,0,0,NaN,NaN,NaN,NA,NA
SC,2020-03-04,0,0,0,0,NaN,NaN,NaN,NA,NA
SC,2020-03-05,0,0,0,0,NaN,NaN,NaN,NA,NA
SC,2020-03-06,0,0,0,0,NaN,NaN,NaN,NA,NA
SC,2020-03-07,0,0,0,0,NaN,NaN,NaN,NA,NA
SC,2020-03-08,0,0,0,0,NaN,NaN,NaN,NA,NA
SC,2020-03-09,0,0,0,0,NaN,NaN,NaN,NA,NA
SC,2020-03-10,0,0,0,0,NaN,NaN,NaN,NA,NA
SC,2020-03-11,0,0,0,0,NaN,NaN,NaN,NA,NA
SC,2020-03-12,0,0,0,0,NaN,NaN,NaN,NA,NA
SC,2020-03-13,2,0,2,0,0,Inf,NaN,NA,NA
SC,2020-03-14,4,0,2,0,0,100,NaN,NA,NA
SC,2020-03-15,6,0,2,0,0,50,NaN,NA,NA
SC,2020-03-16,7,0,1,0,0,16.666666666666675,NaN,NA,NA
SC,2020-03-17,7,0,0,0,0,0,NaN,NA,NA
SC,2020-03-18,10,0,3,0,0,42.85714285714286,NaN,0,NA
SC,2020-03-19,20,0,10,0,0,100,NaN,1,NA
SC,2020-03-20,21,0,1,0,0,5.000000000000004,NaN,2,NA
SC,2020-03-21,51,0,30,0,0,142.85714285714283,NaN,3,NA
SC,2020-03-22,57,0,6,0,0,11.764705882352944,NaN,4,NA
SC,2020-03-23,68,0,11,0,0,19.298245614035082,NaN,5,NA
SC,2020-03-24,107,0,39,0,0,57.35294117647059,NaN,6,0
SC,2020-03-25,109,0,2,0,0,1.869158878504673,NaN,7,1
SC,2020-03-26,122,1,13,1,0.00819672131147541,11.926605504587151,Inf,8,2
SC,2020-03-27,149,1,27,0,0.006711409395973154,22.131147540983598,0,9,3
SC,2020-03-28,184,1,35,0,0.005434782608695652,23.48993288590604,0,10,4
SC,2020-03-29,194,1,10,0,0.005154639175257732,5.434782608695654,0,11,5
SC,2020-03-30,197,1,3,0,0.005076142131979695,1.546391752577314,0,12,6
SC,2020-03-31,219,2,22,1,0.0091324200913242,11.16751269035532,100,13,7
SC,2020-04-01,235,2,16,0,0.00851063829787234,7.30593607305936,0,14,8
SC,2020-04-02,247,2,12,0,0.008097165991902834,5.106382978723412,0,15,9
SC,2020-04-03,281,5,34,3,0.017793594306049824,13.765182186234814,150,16,10
SC,2020-04-04,334,5,53,0,0.014970059880239521,18.861209964412808,0,17,11
SC,2020-04-05,357,10,23,5,0.028011204481792718,6.886227544910173,100,18,12
SC,2020-04-06,379,10,22,0,0.026385224274406333,6.162464985994398,0,19,13
SC,2020-04-07,417,11,38,1,0.026378896882494004,10.026385224274414,10.000000000000009,20,14
SC,2020-04-08,457,15,40,4,0.03282275711159737,9.592326139088737,36.36363636363635,21,15
SC,2020-04-09,501,17,44,2,0.033932135728542916,9.62800875273524,13.33333333333333,22,16
SC,2020-04-10,693,18,192,1,0.025974025974025976,38.32335329341316,5.882352941176472,23,17
SC,2020-04-11,732,21,39,3,0.028688524590163935,5.627705627705626,16.666666666666675,24,18
SC,2020-04-12,768,24,36,3,0.03125,4.918032786885251,14.28571428571428,25,19
SC,2020-04-13,777,24,9,0,0.03088803088803089,1.171875,0,26,20
SC,2020-04-14,826,26,49,2,0.031476997578692496,6.3063063063063085,8.333333333333325,27,21
SC,2020-04-15,853,28,27,2,0.032825322391559206,3.2687651331719136,7.692307692307687,28,22
SC,2020-04-16,884,29,31,1,0.032805429864253395,3.6342321219226204,3.571428571428581,29,23
SC,2020-04-17,926,30,42,1,0.032397408207343416,4.751131221719462,3.4482758620689724,30,24
SC,2020-04-18,962,31,36,1,0.032224532224532226,3.88768898488121,3.3333333333333437,31,25
SC,2020-04-19,975,32,13,1,0.03282051282051282,1.3513513513513598,3.2258064516129004,32,26
SC,2020-04-20,1025,35,50,3,0.03414634146341464,5.128205128205132,9.375,33,27
SC,2020-04-21,1063,35,38,0,0.03292568203198495,3.707317073170735,0,34,28
SC,2020-04-22,1091,37,28,2,0.03391384051329056,2.6340545625587852,5.714285714285716,35,29
SC,2020-04-23,1115,39,24,2,0.03497757847533632,2.1998166819431786,5.405405405405395,36,30
SC,2020-04-24,1170,42,55,3,0.035897435897435895,4.932735426008961,7.692307692307687,37,31
SC,2020-04-25,1209,42,39,0,0.034739454094292806,3.3333333333333437,0,38,32
SC,2020-04-26,1235,42,26,0,0.0340080971659919,2.1505376344086002,0,39,33
RS,2020-02-25,0,0,0,0,NaN,NaN,NaN,NA,NA
RS,2020-02-26,0,0,0,0,NaN,NaN,NaN,NA,NA
RS,2020-02-27,0,0,0,0,NaN,NaN,NaN,NA,NA
RS,2020-02-28,0,0,0,0,NaN,NaN,NaN,NA,NA
RS,2020-02-29,0,0,0,0,NaN,NaN,NaN,NA,NA
RS,2020-03-01,0,0,0,0,NaN,NaN,NaN,NA,NA
RS,2020-03-02,0,0,0,0,NaN,NaN,NaN,NA,NA
RS,2020-03-03,0,0,0,0,NaN,NaN,NaN,NA,NA
RS,2020-03-04,0,0,0,0,NaN,NaN,NaN,NA,NA
RS,2020-03-05,0,0,0,0,NaN,NaN,NaN,NA,NA
RS,2020-03-06,0,0,0,0,NaN,NaN,NaN,NA,NA
RS,2020-03-07,0,0,0,0,NaN,NaN,NaN,NA,NA
RS,2020-03-08,0,0,0,0,NaN,NaN,NaN,NA,NA
RS,2020-03-09,0,0,0,0,NaN,NaN,NaN,NA,NA
RS,2020-03-10,1,0,1,0,0,Inf,NaN,NA,NA
RS,2020-03-11,2,0,1,0,0,100,NaN,NA,NA
RS,2020-03-12,4,0,2,0,0,100,NaN,NA,NA
RS,2020-03-13,4,0,0,0,0,0,NaN,NA,NA
RS,2020-03-14,6,0,2,0,0,50,NaN,NA,NA
RS,2020-03-15,6,0,0,0,0,0,NaN,NA,NA
RS,2020-03-16,6,0,0,0,0,0,NaN,NA,NA
RS,2020-03-17,10,0,4,0,0,66.66666666666667,NaN,0,NA
RS,2020-03-18,19,0,9,0,0,89.99999999999999,NaN,1,NA
RS,2020-03-19,28,0,9,0,0,47.36842105263157,NaN,2,NA
RS,2020-03-20,37,0,9,0,0,32.14285714285714,NaN,3,NA
RS,2020-03-21,60,0,23,0,0,62.16216216216217,NaN,4,NA
RS,2020-03-22,72,0,12,0,0,19.999999999999996,NaN,5,NA
RS,2020-03-23,86,0,14,0,0,19.444444444444443,NaN,6,NA
RS,2020-03-24,98,0,12,0,0,13.953488372093027,NaN,7,NA
RS,2020-03-25,123,1,25,1,0.008130081300813009,25.510204081632647,Inf,8,0
RS,2020-03-26,168,1,45,0,0.005952380952380952,36.585365853658544,0,9,1
RS,2020-03-27,195,2,27,1,0.010256410256410256,16.07142857142858,100,10,2
RS,2020-03-28,197,2,2,0,0.01015228426395939,1.025641025641022,0,11,3
RS,2020-03-29,226,2,29,0,0.008849557522123894,14.720812182741128,0,12,4
RS,2020-03-30,241,3,15,1,0.012448132780082987,6.63716814159292,50,13,5
RS,2020-03-31,274,4,33,1,0.014598540145985401,13.692946058091282,33.33333333333333,14,6
RS,2020-04-01,306,4,32,0,0.013071895424836602,11.678832116788328,0,15,7
RS,2020-04-02,334,5,28,1,0.014970059880239521,9.15032679738561,25,16,8
RS,2020-04-03,396,5,62,0,0.012626262626262626,18.562874251497007,0,17,9
RS,2020-04-04,410,6,14,1,0.014634146341463415,3.535353535353525,19.999999999999996,18,10
RS,2020-04-05,418,7,8,1,0.01674641148325359,1.9512195121951237,16.666666666666675,19,11
RS,2020-04-06,481,7,63,0,0.014553014553014554,15.071770334928235,0,20,12
RS,2020-04-07,508,8,27,1,0.015748031496062992,5.613305613305619,14.28571428571428,21,13
RS,2020-04-08,555,9,47,1,0.016216216216216217,9.251968503937015,12.5,22,14
RS,2020-04-09,618,12,63,3,0.019417475728155338,11.351351351351347,33.33333333333333,23,15
RS,2020-04-10,636,14,18,2,0.0220125786163522,2.9126213592232997,16.666666666666675,24,16
RS,2020-04-11,640,15,4,1,0.0234375,0.6289308176100628,7.14285714285714,25,17
RS,2020-04-12,653,16,13,1,0.02450229709035222,2.0312499999999956,6.666666666666665,26,18
RS,2020-04-13,664,16,11,0,0.024096385542168676,1.6845329249617125,0,27,19
RS,2020-04-14,700,18,36,2,0.025714285714285714,5.421686746987953,12.5,28,20
RS,2020-04-15,747,19,47,1,0.025435073627844713,6.714285714285717,5.555555555555558,29,21
RS,2020-04-16,780,19,33,0,0.02435897435897436,4.417670682730934,0,30,22
RS,2020-04-17,802,22,22,3,0.02743142144638404,2.8205128205128105,15.789473684210531,31,23
RS,2020-04-18,831,24,29,2,0.02888086642599278,3.615960099750626,9.090909090909083,32,24
RS,2020-04-19,854,24,23,0,0.02810304449648712,2.767749699157651,0,33,25
RS,2020-04-20,889,27,35,3,0.030371203599550055,4.098360655737698,12.5,34,26
RS,2020-04-21,904,27,15,0,0.029867256637168143,1.6872890888638858,0,35,27
RS,2020-04-22,923,27,19,0,0.02925243770314193,2.101769911504414,0,36,28
RS,2020-04-23,994,29,71,2,0.029175050301810865,7.692307692307687,7.407407407407418,37,29
RS,2020-04-24,1061,31,67,2,0.029217719132893498,6.740442655935608,6.896551724137923,38,30
RS,2020-04-25,1096,34,35,3,0.03102189781021898,3.2987747408105506,9.677419354838701,39,31
RS,2020-04-26,1166,35,70,1,0.030017152658662092,6.386861313868608,2.941176470588225,40,32
MS,2020-02-25,0,0,0,0,NaN,NaN,NaN,NA,NA
MS,2020-02-26,0,0,0,0,NaN,NaN,NaN,NA,NA
MS,2020-02-27,0,0,0,0,NaN,NaN,NaN,NA,NA
MS,2020-02-28,0,0,0,0,NaN,NaN,NaN,NA,NA
MS,2020-02-29,0,0,0,0,NaN,NaN,NaN,NA,NA
MS,2020-03-01,0,0,0,0,NaN,NaN,NaN,NA,NA
MS,2020-03-02,0,0,0,0,NaN,NaN,NaN,NA,NA
MS,2020-03-03,0,0,0,0,NaN,NaN,NaN,NA,NA
MS,2020-03-04,0,0,0,0,NaN,NaN,NaN,NA,NA
MS,2020-03-05,0,0,0,0,NaN,NaN,NaN,NA,NA
MS,2020-03-06,0,0,0,0,NaN,NaN,NaN,NA,NA
MS,2020-03-07,0,0,0,0,NaN,NaN,NaN,NA,NA
MS,2020-03-08,0,0,0,0,NaN,NaN,NaN,NA,NA
MS,2020-03-09,0,0,0,0,NaN,NaN,NaN,NA,NA
MS,2020-03-10,0,0,0,0,NaN,NaN,NaN,NA,NA
MS,2020-03-11,0,0,0,0,NaN,NaN,NaN,NA,NA
MS,2020-03-12,0,0,0,0,NaN,NaN,NaN,NA,NA
MS,2020-03-13,0,0,0,0,NaN,NaN,NaN,NA,NA
MS,2020-03-14,0,0,0,0,NaN,NaN,NaN,NA,NA
MS,2020-03-15,0,0,0,0,NaN,NaN,NaN,NA,NA
MS,2020-03-16,2,0,2,0,0,Inf,NaN,NA,NA
MS,2020-03-17,4,0,2,0,0,100,NaN,NA,NA
MS,2020-03-18,7,0,3,0,0,75,NaN,NA,NA
MS,2020-03-19,7,0,0,0,0,0,NaN,NA,NA
MS,2020-03-20,9,0,2,0,0,28.57142857142858,NaN,NA,NA
MS,2020-03-21,16,0,7,0,0,77.77777777777777,NaN,0,NA
MS,2020-03-22,21,0,5,0,0,31.25,NaN,1,NA
MS,2020-03-23,21,0,0,0,0,0,NaN,2,NA
MS,2020-03-24,23,0,2,0,0,9.523809523809534,NaN,3,NA
MS,2020-03-25,24,0,1,0,0,4.347826086956519,NaN,4,NA
MS,2020-03-26,25,0,1,0,0,4.166666666666674,NaN,5,NA
MS,2020-03-27,28,0,3,0,0,12.00000000000001,NaN,6,NA
MS,2020-03-28,31,0,3,0,0,10.71428571428572,NaN,7,NA
MS,2020-03-29,36,0,5,0,0,16.129032258064523,NaN,8,NA
MS,2020-03-30,44,0,8,0,0,22.222222222222232,NaN,9,NA
MS,2020-03-31,48,1,4,1,0.020833333333333332,9.090909090909083,Inf,10,NA
MS,2020-04-01,51,1,3,0,0.0196078431372549,6.25,0,11,NA
MS,2020-04-02,53,1,2,0,0.018867924528301886,3.9215686274509887,0,12,NA
MS,2020-04-03,60,1,7,0,0.016666666666666666,13.207547169811317,0,13,NA
MS,2020-04-04,62,1,2,0,0.016129032258064516,3.3333333333333437,0,14,NA
MS,2020-04-05,65,1,3,0,0.015384615384615385,4.8387096774193505,0,15,NA
MS,2020-04-06,66,1,1,0,0.015151515151515152,1.538461538461533,0,16,NA
MS,2020-04-07,80,2,14,1,0.025,21.212121212121215,100,17,NA
MS,2020-04-08,85,2,5,0,0.023529411764705882,6.25,0,18,NA
MS,2020-04-09,89,2,4,0,0.02247191011235955,4.705882352941182,0,19,NA
MS,2020-04-10,97,2,8,0,0.020618556701030927,8.98876404494382,0,20,NA
MS,2020-04-11,100,2,3,0,0.02,3.092783505154628,0,21,0
MS,2020-04-12,101,2,1,0,0.019801980198019802,1.0000000000000009,0,22,1
MS,2020-04-13,113,4,12,2,0.035398230088495575,11.881188118811892,100,23,2
MS,2020-04-14,115,4,2,0,0.034782608695652174,1.7699115044247815,0,24,3
MS,2020-04-15,121,4,6,0,0.03305785123966942,5.217391304347818,0,25,4
MS,2020-04-16,131,5,10,1,0.03816793893129771,8.264462809917351,25,26,5
MS,2020-04-17,143,5,12,0,0.03496503496503497,9.160305343511443,0,27,6
MS,2020-04-18,161,5,18,0,0.031055900621118012,12.587412587412583,0,28,7
MS,2020-04-19,168,5,7,0,0.02976190476190476,4.347826086956519,0,29,8
MS,2020-04-20,171,5,3,0,0.029239766081871343,1.7857142857142794,0,30,9
MS,2020-04-21,173,6,2,1,0.03468208092485549,1.1695906432748648,19.999999999999996,31,10
MS,2020-04-22,175,6,2,0,0.03428571428571429,1.1560693641618602,0,32,11
MS,2020-04-23,186,7,11,1,0.03763440860215054,6.2857142857142945,16.666666666666675,33,12
MS,2020-04-24,213,7,27,0,0.03286384976525822,14.516129032258075,0,34,13
MS,2020-04-25,217,7,4,0,0.03225806451612903,1.8779342723004744,0,35,14
MS,2020-04-26,234,7,17,0,0.029914529914529916,7.834101382488479,0,36,15
MT,2020-02-25,0,0,0,0,NaN,NaN,NaN,NA,NA
MT,2020-02-26,0,0,0,0,NaN,NaN,NaN,NA,NA
MT,2020-02-27,0,0,0,0,NaN,NaN,NaN,NA,NA
MT,2020-02-28,0,0,0,0,NaN,NaN,NaN,NA,NA
MT,2020-02-29,0,0,0,0,NaN,NaN,NaN,NA,NA
MT,2020-03-01,0,0,0,0,NaN,NaN,NaN,NA,NA
MT,2020-03-02,0,0,0,0,NaN,NaN,NaN,NA,NA
MT,2020-03-03,0,0,0,0,NaN,NaN,NaN,NA,NA
MT,2020-03-04,0,0,0,0,NaN,NaN,NaN,NA,NA
MT,2020-03-05,0,0,0,0,NaN,NaN,NaN,NA,NA
MT,2020-03-06,0,0,0,0,NaN,NaN,NaN,NA,NA
MT,2020-03-07,0,0,0,0,NaN,NaN,NaN,NA,NA
MT,2020-03-08,0,0,0,0,NaN,NaN,NaN,NA,NA
MT,2020-03-09,0,0,0,0,NaN,NaN,NaN,NA,NA
MT,2020-03-10,0,0,0,0,NaN,NaN,NaN,NA,NA
MT,2020-03-11,0,0,0,0,NaN,NaN,NaN,NA,NA
MT,2020-03-12,0,0,0,0,NaN,NaN,NaN,NA,NA
MT,2020-03-13,0,0,0,0,NaN,NaN,NaN,NA,NA
MT,2020-03-14,0,0,0,0,NaN,NaN,NaN,NA,NA
MT,2020-03-15,0,0,0,0,NaN,NaN,NaN,NA,NA
MT,2020-03-16,0,0,0,0,NaN,NaN,NaN,NA,NA
MT,2020-03-17,0,0,0,0,NaN,NaN,NaN,NA,NA
MT,2020-03-18,0,0,0,0,NaN,NaN,NaN,NA,NA
MT,2020-03-19,0,0,0,0,NaN,NaN,NaN,NA,NA
MT,2020-03-20,1,0,1,0,0,Inf,NaN,NA,NA
MT,2020-03-21,2,0,1,0,0,100,NaN,NA,NA
MT,2020-03-22,2,0,0,0,0,0,NaN,NA,NA
MT,2020-03-23,2,0,0,0,0,0,NaN,NA,NA
MT,2020-03-24,7,0,5,0,0,250,NaN,NA,NA
MT,2020-03-25,8,0,1,0,0,14.28571428571428,NaN,NA,NA
MT,2020-03-26,11,0,3,0,0,37.5,NaN,0,NA
MT,2020-03-27,11,0,0,0,0,0,NaN,1,NA
MT,2020-03-28,13,0,2,0,0,18.181818181818187,NaN,2,NA
MT,2020-03-29,16,0,3,0,0,23.076923076923084,NaN,3,NA
MT,2020-03-30,18,0,2,0,0,12.5,NaN,4,NA
MT,2020-03-31,25,0,7,0,0,38.888888888888886,NaN,5,NA
MT,2020-04-01,27,0,2,0,0,8.000000000000007,NaN,6,NA
MT,2020-04-02,36,0,9,0,0,33.33333333333333,NaN,7,NA
MT,2020-04-03,44,1,8,1,0.022727272727272728,22.222222222222232,Inf,8,NA
MT,2020-04-04,56,1,12,0,0.017857142857142856,27.27272727272727,0,9,NA
MT,2020-04-05,60,1,4,0,0.016666666666666666,7.14285714285714,0,10,NA
MT,2020-04-06,76,1,16,0,0.013157894736842105,26.66666666666666,0,11,NA
MT,2020-04-07,78,1,2,0,0.01282051282051282,2.6315789473684292,0,12,NA
MT,2020-04-08,90,1,12,0,0.011111111111111112,15.384615384615374,0,13,NA
MT,2020-04-09,108,2,18,1,0.018518518518518517,19.999999999999996,100,14,0
MT,2020-04-10,112,2,4,0,0.017857142857142856,3.703703703703698,0,15,1
MT,2020-04-11,121,3,9,1,0.024793388429752067,8.03571428571428,50,16,2
MT,2020-04-12,123,3,2,0,0.024390243902439025,1.6528925619834656,0,17,3
MT,2020-04-13,134,4,11,1,0.029850746268656716,8.943089430894302,33.33333333333333,18,4
MT,2020-04-14,138,4,4,0,0.028985507246376812,2.9850746268656803,0,19,5
MT,2020-04-15,151,4,13,0,0.026490066225165563,9.420289855072461,0,20,6
MT,2020-04-16,156,5,5,1,0.03205128205128205,3.31125827814569,25,21,7
MT,2020-04-17,162,5,6,0,0.030864197530864196,3.8461538461538547,0,22,8
MT,2020-04-18,171,5,9,0,0.029239766081871343,5.555555555555558,0,23,9
MT,2020-04-19,174,5,3,0,0.028735632183908046,1.7543859649122862,0,24,10
MT,2020-04-20,181,6,7,1,0.03314917127071823,4.022988505747116,19.999999999999996,25,11
MT,2020-04-21,181,6,0,0,0.03314917127071823,0,0,26,12
MT,2020-04-22,183,6,2,0,0.03278688524590164,1.104972375690605,0,27,13
MT,2020-04-23,221,7,38,1,0.03167420814479638,20.76502732240437,16.666666666666675,28,14
MT,2020-04-24,240,8,19,1,0.03333333333333333,8.597285067873294,14.28571428571428,29,15
MT,2020-04-25,247,9,7,1,0.03643724696356275,2.9166666666666563,12.5,30,16
MT,2020-04-26,250,9,3,0,0.036,1.2145748987854255,0,31,17
GO,2020-02-25,0,0,0,0,NaN,NaN,NaN,NA,NA
GO,2020-02-26,0,0,0,0,NaN,NaN,NaN,NA,NA
GO,2020-02-27,0,0,0,0,NaN,NaN,NaN,NA,NA
GO,2020-02-28,0,0,0,0,NaN,NaN,NaN,NA,NA
GO,2020-02-29,0,0,0,0,NaN,NaN,NaN,NA,NA
GO,2020-03-01,0,0,0,0,NaN,NaN,NaN,NA,NA
GO,2020-03-02,0,0,0,0,NaN,NaN,NaN,NA,NA
GO,2020-03-03,0,0,0,0,NaN,NaN,NaN,NA,NA
GO,2020-03-04,0,0,0,0,NaN,NaN,NaN,NA,NA
GO,2020-03-05,0,0,0,0,NaN,NaN,NaN,NA,NA
GO,2020-03-06,0,0,0,0,NaN,NaN,NaN,NA,NA
GO,2020-03-07,0,0,0,0,NaN,NaN,NaN,NA,NA
GO,2020-03-08,0,0,0,0,NaN,NaN,NaN,NA,NA
GO,2020-03-09,0,0,0,0,NaN,NaN,NaN,NA,NA
GO,2020-03-10,0,0,0,0,NaN,NaN,NaN,NA,NA
GO,2020-03-11,0,0,0,0,NaN,NaN,NaN,NA,NA
GO,2020-03-12,0,0,0,0,NaN,NaN,NaN,NA,NA
GO,2020-03-13,3,0,3,0,0,Inf,NaN,NA,NA
GO,2020-03-14,3,0,0,0,0,0,NaN,NA,NA
GO,2020-03-15,3,0,0,0,0,0,NaN,NA,NA
GO,2020-03-16,3,0,0,0,0,0,NaN,NA,NA
GO,2020-03-17,6,0,3,0,0,100,NaN,NA,NA
GO,2020-03-18,8,0,2,0,0,33.33333333333333,NaN,NA,NA
GO,2020-03-19,12,0,4,0,0,50,NaN,0,NA
GO,2020-03-20,15,0,3,0,0,25,NaN,1,NA
GO,2020-03-21,20,0,5,0,0,33.33333333333333,NaN,2,NA
GO,2020-03-22,21,0,1,0,0,5.000000000000004,NaN,3,NA
GO,2020-03-23,23,0,2,0,0,9.523809523809534,NaN,4,NA
GO,2020-03-24,27,0,4,0,0,17.391304347826097,NaN,5,NA
GO,2020-03-25,29,0,2,0,0,7.407407407407418,NaN,6,NA
GO,2020-03-26,39,1,10,1,0.02564102564102564,34.48275862068966,Inf,7,NA
GO,2020-03-27,49,1,10,0,0.02040816326530612,25.64102564102564,0,8,NA
GO,2020-03-28,56,1,7,0,0.017857142857142856,14.28571428571428,0,9,NA
GO,2020-03-29,58,1,2,0,0.017241379310344827,3.571428571428581,0,10,NA
GO,2020-03-30,61,1,3,0,0.01639344262295082,5.1724137931034475,0,11,NA
GO,2020-03-31,65,1,4,0,0.015384615384615385,6.557377049180335,0,12,NA
GO,2020-04-01,71,1,6,0,0.014084507042253521,9.23076923076922,0,13,NA
GO,2020-04-02,73,1,2,0,0.0136986301369863,2.8169014084507005,0,14,NA
GO,2020-04-03,88,2,15,1,0.022727272727272728,20.547945205479444,100,15,NA
GO,2020-04-04,103,2,15,0,0.019417475728155338,17.04545454545454,0,16,0
GO,2020-04-05,115,3,12,1,0.02608695652173913,11.650485436893199,50,17,1
GO,2020-04-06,119,5,4,2,0.04201680672268908,3.4782608695652195,66.66666666666667,18,2
GO,2020-04-07,133,5,14,0,0.03759398496240601,11.764705882352944,0,19,3
GO,2020-04-08,158,7,25,2,0.04430379746835443,18.796992481203013,39.99999999999999,20,4
GO,2020-04-09,179,7,21,0,0.03910614525139665,13.291139240506332,0,21,5
GO,2020-04-10,191,8,12,1,0.041884816753926704,6.703910614525133,14.28571428571428,22,6
GO,2020-04-11,209,10,18,2,0.04784688995215311,9.424083769633507,25,23,7
GO,2020-04-12,229,14,20,4,0.0611353711790393,9.569377990430628,39.99999999999999,24,8
GO,2020-04-13,233,15,4,1,0.06437768240343347,1.7467248908296984,7.14285714285714,25,9
GO,2020-04-14,284,15,51,0,0.0528169014084507,21.88841201716738,0,26,10
GO,2020-04-15,304,15,20,0,0.049342105263157895,7.042253521126751,0,27,11
GO,2020-04-16,318,16,14,1,0.050314465408805034,4.6052631578947345,6.666666666666665,28,12
GO,2020-04-17,335,16,17,0,0.04776119402985075,5.3459119496855445,0,29,13
GO,2020-04-18,378,18,43,2,0.047619047619047616,12.8358208955224,12.5,30,14
GO,2020-04-19,393,18,15,0,0.04580152671755725,3.9682539682539764,0,31,15
GO,2020-04-20,403,19,10,1,0.04714640198511166,2.5445292620865034,5.555555555555558,32,16
GO,2020-04-21,421,19,18,0,0.04513064133016627,4.466501240694787,0,33,17
GO,2020-04-22,438,21,17,2,0.04794520547945205,4.0380047505938155,10.526315789473696,34,18
GO,2020-04-23,453,23,15,2,0.05077262693156733,3.424657534246567,9.523809523809534,35,19
GO,2020-04-24,486,24,33,1,0.04938271604938271,7.284768211920523,4.347826086956519,36,20
GO,2020-04-25,506,25,20,1,0.04940711462450593,4.115226337448563,4.166666666666674,37,21
GO,2020-04-26,573,25,67,0,0.04363001745200698,13.241106719367579,0,38,22
DF,2020-02-25,0,0,0,0,NaN,NaN,NaN,NA,NA
DF,2020-02-26,0,0,0,0,NaN,NaN,NaN,NA,NA
DF,2020-02-27,0,0,0,0,NaN,NaN,NaN,NA,NA
DF,2020-02-28,0,0,0,0,NaN,NaN,NaN,NA,NA
DF,2020-02-29,0,0,0,0,NaN,NaN,NaN,NA,NA
DF,2020-03-01,0,0,0,0,NaN,NaN,NaN,NA,NA
DF,2020-03-02,0,0,0,0,NaN,NaN,NaN,NA,NA
DF,2020-03-03,0,0,0,0,NaN,NaN,NaN,NA,NA
DF,2020-03-04,0,0,0,0,NaN,NaN,NaN,NA,NA
DF,2020-03-05,0,0,0,0,NaN,NaN,NaN,NA,NA
DF,2020-03-06,0,0,0,0,NaN,NaN,NaN,NA,NA
DF,2020-03-07,1,0,1,0,0,Inf,NaN,NA,NA
DF,2020-03-08,1,0,0,0,0,0,NaN,NA,NA
DF,2020-03-09,1,0,0,0,0,0,NaN,NA,NA
DF,2020-03-10,1,0,0,0,0,0,NaN,NA,NA
DF,2020-03-11,2,0,1,0,0,100,NaN,NA,NA
DF,2020-03-12,2,0,0,0,0,0,NaN,NA,NA
DF,2020-03-13,2,0,0,0,0,0,NaN,NA,NA
DF,2020-03-14,6,0,4,0,0,200,NaN,NA,NA
DF,2020-03-15,8,0,2,0,0,33.33333333333333,NaN,NA,NA
DF,2020-03-16,13,0,5,0,0,62.5,NaN,0,NA
DF,2020-03-17,22,0,9,0,0,69.23076923076923,NaN,1,NA
DF,2020-03-18,26,0,4,0,0,18.181818181818187,NaN,2,NA
DF,2020-03-19,42,0,16,0,0,61.53846153846154,NaN,3,NA
DF,2020-03-20,87,0,45,0,0,107.14285714285717,NaN,4,NA
DF,2020-03-21,100,0,13,0,0,14.942528735632177,NaN,5,0
DF,2020-03-22,117,0,17,0,0,16.999999999999993,NaN,6,1
DF,2020-03-23,133,0,16,0,0,13.675213675213671,NaN,7,2
DF,2020-03-24,160,0,27,0,0,20.30075187969924,NaN,8,3
DF,2020-03-25,160,0,0,0,0,0,NaN,9,4
DF,2020-03-26,200,0,40,0,0,25,NaN,10,5
DF,2020-03-27,230,0,30,0,0,14.999999999999991,NaN,11,6
DF,2020-03-28,260,0,30,0,0,13.043478260869556,NaN,12,7
DF,2020-03-29,289,1,29,1,0.0034602076124567475,11.153846153846159,Inf,13,8
DF,2020-03-30,312,1,23,0,0.003205128205128205,7.95847750865053,0,14,9
DF,2020-03-31,332,3,20,2,0.009036144578313253,6.41025641025641,200,15,10
DF,2020-04-01,355,3,23,0,0.008450704225352112,6.927710843373491,0,16,11
DF,2020-04-02,370,4,15,1,0.010810810810810811,4.225352112676051,33.33333333333333,17,12
DF,2020-04-03,402,5,32,1,0.012437810945273632,8.64864864864865,25,18,13
DF,2020-04-04,454,7,52,2,0.015418502202643172,12.935323383084585,39.99999999999999,19,14
DF,2020-04-05,468,7,14,0,0.014957264957264958,3.083700440528636,0,20,15
DF,2020-04-06,473,10,5,3,0.021141649048625793,1.0683760683760646,42.85714285714286,21,16
DF,2020-04-07,492,12,19,2,0.024390243902439025,4.016913319238902,19.999999999999996,22,17
DF,2020-04-08,509,12,17,0,0.023575638506876228,3.455284552845539,0,23,18
DF,2020-04-09,527,13,18,1,0.024667931688804556,3.5363457760314354,8.333333333333325,24,19
DF,2020-04-10,555,14,28,1,0.025225225225225224,5.313092979127143,7.692307692307687,25,20
DF,2020-04-11,579,14,24,0,0.024179620034542316,4.324324324324325,0,26,21
DF,2020-04-12,614,14,35,0,0.02280130293159609,6.0449050086355705,0,27,22
DF,2020-04-13,638,15,24,1,0.023510971786833857,3.9087947882736174,7.14285714285714,28,23
DF,2020-04-14,651,17,13,2,0.026113671274961597,2.0376175548589393,13.33333333333333,29,24
DF,2020-04-15,682,17,31,0,0.024926686217008796,4.761904761904767,0,30,25
DF,2020-04-16,716,20,34,3,0.027932960893854747,4.985337243401755,17.647058823529417,31,26
DF,2020-04-17,746,20,30,0,0.02680965147453083,4.189944134078205,0,32,27
DF,2020-04-18,762,24,16,4,0.031496062992125984,2.144772117962468,19.999999999999996,33,28
DF,2020-04-19,827,24,65,0,0.02902055622732769,8.530183727034114,0,34,29
DF,2020-04-20,872,24,45,0,0.027522935779816515,5.441354292623934,0,35,30
DF,2020-04-21,881,24,9,0,0.02724177071509648,1.0321100917431103,0,36,31
DF,2020-04-22,946,25,65,1,0.026427061310782242,7.377979568671966,4.166666666666674,37,32
DF,2020-04-23,963,25,17,0,0.02596053997923157,1.7970401691332016,0,38,33
DF,2020-04-24,989,26,26,1,0.0262891809908999,2.699896157840076,4.0000000000000036,39,34
DF,2020-04-25,1013,26,24,0,0.02566633761105627,2.426693629929222,0,40,35
DF,2020-04-26,1066,27,53,1,0.025328330206378986,5.231984205330709,3.8461538461538547,41,36
